# This file uses centimeters as units for non-parametric coordinates.

mtllib Montaña3.mtl
g default
v 138.797810 3.920490 -163.954847
v 143.787105 1.834703 -164.729743
v 141.456294 1.627816 -170.139903
v 135.671135 4.076750 -169.264462
v 134.625778 1.615591 -178.951836
v 131.271731 4.336602 -175.055331
v 126.551677 1.180867 -186.669429
v 123.732718 4.207546 -181.142942
v 110.058447 1.501974 -193.476857
v 109.720359 4.444941 -188.255570
v 95.001637 1.843549 -195.656772
v 98.052942 6.424829 -191.265166
v 86.321382 1.494547 -194.837974
v 88.376904 6.117968 -190.150579
v 79.713587 1.731808 -186.540407
v 82.449990 4.675459 -183.813660
v 76.240166 1.691569 -178.272360
v 78.527627 3.225879 -175.935547
v 70.403598 1.879989 -170.027307
v 73.208633 4.080045 -168.526883
v 65.716494 1.576448 -165.351593
v 68.006995 5.355597 -163.661636
v 62.343316 1.839943 -158.760500
v 65.292927 5.208373 -157.089747
v 63.700933 1.521648 -149.661251
v 65.786730 4.835215 -151.022829
v 67.551981 1.124604 -143.955592
v 69.392527 4.477731 -145.878217
v 72.767275 1.645800 -140.133676
v 76.534789 4.839698 -144.074958
v 140.657114 2.999661 -158.680892
v 144.779026 1.505020 -159.105242
v 142.691797 3.819818 -153.666392
v 145.370160 1.923134 -153.996183
v 145.340641 4.107539 -149.007640
v 149.848021 1.220320 -148.233666
v 144.794822 3.969587 -142.683923
v 148.428556 1.288370 -142.328036
v 145.949259 4.240857 -145.449707
v 149.533657 0.746174 -145.049288
v 142.341252 3.891456 -139.884306
v 144.906067 1.329573 -138.939403
v 138.680854 4.036784 -136.887865
v 140.562923 1.113750 -135.193226
v 136.097726 1.703592 -131.657874
v 137.174321 3.768856 -118.888555
v 143.087688 1.639305 -126.880961
v 148.795357 6.107697 -124.872120
v 150.180222 0.954461 -128.768909
v 157.294661 6.074205 -122.914404
v 159.758009 1.648629 -125.469425
v 162.647917 5.634755 -118.448563
v 165.686404 1.782234 -119.826888
v 166.684542 5.364455 -113.659117
v 170.414125 1.555647 -114.961925
v 169.915171 5.682394 -108.860568
v 175.627830 1.386667 -109.467605
v 169.702750 5.811245 -104.026690
v 175.067028 1.736912 -104.360618
v 166.254942 5.722470 -99.324028
v 170.413511 0.870604 -97.859847
v 161.000190 5.837492 -95.185852
v 162.851358 1.180872 -91.965269
v 155.329930 6.008902 -92.196564
v 157.069714 1.450568 -89.560515
v 147.796068 6.220509 -90.248887
v 148.360998 2.027641 -87.681002
v 139.695540 5.344045 -89.932750
v 139.167067 1.753040 -87.332629
v 132.394485 4.452202 -93.788899
v 131.592864 1.589491 -89.633545
v 123.766989 4.850605 -94.832851
v 123.201482 1.655303 -90.290372
v 115.895929 3.205038 -98.925620
v 114.767618 1.408088 -93.521653
v 109.963259 3.023882 -100.027443
v 109.005193 1.083665 -94.427489
v 103.900723 4.997083 -98.780012
v 104.653698 2.033639 -93.448163
v 96.524726 3.385710 -95.625913
v 100.824091 2.072043 -89.541803
v 94.365212 8.026529 -106.337038
v 92.441528 3.760639 -98.452462
v 88.378492 7.846630 -103.078471
v 86.204610 6.463877 -99.503422
v 81.030126 8.157559 -102.174109
v 79.544125 5.938549 -100.859627
v 73.706620 6.582550 -105.549064
v 71.467690 3.099445 -101.728568
v 67.952185 5.901272 -108.222929
v 64.952459 3.392097 -102.904488
v 61.423392 6.665649 -109.198172
v 56.652996 3.979658 -103.409782
v 56.704620 8.238059 -110.479382
v 48.153451 3.345358 -102.980420
v 52.994544 9.648780 -114.245638
v 43.129191 1.932498 -111.107634
v 51.394050 9.520978 -119.726979
v 43.216908 1.667258 -119.652790
v 53.196146 8.196179 -124.753921
v 47.520598 2.211697 -126.008859
v 58.502910 7.628432 -127.992379
v 53.912775 1.597074 -130.824846
v 64.097031 6.714013 -129.999677
v 60.993048 1.944948 -132.848078
v 70.188898 6.426104 -131.900688
v 67.402605 1.785789 -135.314296
v 74.873185 5.942475 -136.286738
v 77.623296 4.019454 -140.420869
v 139.764081 6.223884 -154.270221
v 136.598875 4.363558 -158.383982
v 136.584016 8.693882 -154.627796
v 132.821782 5.835209 -157.908698
v 127.132265 7.237655 -154.519698
v 128.600084 9.273255 -152.035642
v 142.851873 7.079536 -149.061674
v 143.282118 7.008152 -145.543284
v 142.250331 10.730327 -147.454687
v 142.238696 10.521109 -145.329773
v 141.695762 9.586851 -143.219150
v 142.585526 6.690213 -143.042082
v 140.980673 6.397738 -140.525329
v 140.816867 8.405828 -141.342239
v 137.896902 8.864274 -138.621417
v 137.598319 6.437551 -137.586130
v 132.095778 5.005751 -134.889071
v 132.436131 8.800983 -137.066530
v 123.697190 5.999998 -150.040379
v 126.503653 8.751312 -148.991123
v 123.227954 5.177932 -145.417025
v 125.764700 8.201117 -145.568950
v 119.328694 3.315950 -144.122898
v 125.965777 7.522675 -142.425926
v 128.436370 8.264665 -139.215821
v 126.773753 5.271573 -137.280839
v 132.961733 11.663121 -138.628524
v 137.636680 11.135256 -139.217678
v 140.014448 11.180962 -141.349715
v 141.251072 11.503460 -143.291298
v 141.902641 12.101466 -145.428876
v 141.975280 12.114498 -147.179636
v 130.056106 11.285708 -140.417262
v 128.294278 10.932615 -142.922992
v 128.010147 11.141542 -145.677248
v 128.658370 11.430282 -148.386895
v 130.241878 11.794239 -150.711965
v 129.246994 7.060579 -156.520196
v 131.668020 9.431860 -154.077541
v 132.682660 12.063394 -152.509191
v 139.779922 9.719951 -152.474023
v 141.331386 6.756862 -152.236964
v 143.876399 4.001554 -151.699956
v 147.319096 1.667933 -151.546190
v 139.101720 12.034118 -151.975130
v 136.208143 12.102417 -153.054903
v 136.102101 14.471311 -150.869446
v 138.621110 14.713603 -149.930852
v 133.763308 14.175186 -150.506406
v 132.153865 13.944277 -149.463812
v 130.945117 13.677926 -147.876090
v 130.471369 13.595531 -145.879046
v 140.673754 14.671955 -147.216708
v 140.222033 13.808632 -143.332284
v 139.133879 13.606566 -141.859046
v 140.815178 14.217916 -145.115003
v 137.345695 13.647198 -140.660890
v 134.483279 13.863998 -140.466337
v 132.182263 13.687897 -141.686552
v 130.838247 13.594806 -143.586949
v 133.187340 15.164607 -144.267408
v 132.782239 15.120112 -145.950794
v 134.123201 15.139979 -142.869756
v 135.587628 15.131333 -142.146301
v 133.065687 15.161819 -147.298250
v 133.710118 15.251867 -148.208967
v 134.602154 15.415385 -148.750227
v 135.985238 15.718340 -148.820517
v 137.605426 16.025774 -147.994074
v 139.031583 15.855828 -146.413721
v 139.477486 15.426104 -144.964829
v 139.119772 15.105458 -143.725365
v 138.350157 14.944455 -142.731494
v 137.171911 15.014249 -142.136553
v 134.262615 15.847331 -145.931929
v 134.698263 15.978423 -145.442354
v 133.824157 15.613125 -146.781474
v 135.445144 16.098596 -144.588695
v 136.498851 16.022881 -143.905319
v 137.391992 15.849226 -143.691563
v 137.828822 15.715049 -143.665145
v 138.480315 15.784816 -144.421312
v 138.259405 16.028210 -144.952272
v 137.600038 16.282315 -145.295649
v 136.575558 16.429576 -146.168573
v 135.570788 16.212499 -146.858058
v 135.084575 16.076170 -147.029922
v 134.560385 15.857676 -147.155198
v 166.759529 10.385572 -103.759682
v 163.945023 10.667166 -100.083826
v 167.129662 9.923108 -108.446257
v 164.667696 9.505587 -113.123935
v 161.076006 9.465684 -117.592501
v 123.109709 9.414164 -157.900793
v 118.094848 7.159345 -154.433151
v 115.658241 7.862740 -157.824071
v 120.637688 10.502799 -163.539216
v 134.356269 5.917104 -163.186338
v 159.806931 10.749600 -96.750187
v 154.961041 10.583477 -93.987327
v 148.181459 9.997523 -91.793213
v 148.013846 15.147982 -93.999800
v 154.399656 15.570662 -95.483691
v 159.268818 15.675766 -98.078961
v 162.560711 15.568241 -100.801310
v 165.207666 14.957988 -104.159004
v 165.701094 14.011526 -107.860626
v 163.387061 13.419814 -112.663381
v 159.928507 13.352015 -116.870596
v 156.324768 9.972787 -121.344919
v 155.346079 13.654297 -119.868972
v 149.240769 9.829537 -122.340002
v 149.140637 13.051332 -119.758624
v 140.611338 9.454630 -92.150673
v 141.237165 13.069093 -94.988758
v 147.234177 19.204398 -100.161262
v 142.631485 15.990649 -102.191371
v 153.115276 20.973419 -99.507989
v 157.986065 20.662985 -99.958957
v 161.167711 20.005000 -101.925822
v 163.388213 19.812489 -105.210777
v 163.244025 18.809546 -108.925716
v 161.649242 17.885466 -112.406351
v 158.336272 17.484700 -115.805821
v 153.665685 17.233310 -117.385338
v 148.864036 15.709750 -116.649640
v 139.725597 12.857067 -104.404904
v 138.154192 11.907118 -98.830032
v 134.577593 8.175880 -97.712513
v 61.567104 16.040993 -119.868227
v 62.337279 16.157730 -123.038728
v 62.499588 15.315530 -117.084283
v 64.571413 14.537661 -115.114548
v 67.898796 14.428346 -113.923223
v 71.950196 14.590497 -112.853482
v 75.636874 15.425123 -111.170280
v 81.290379 19.557244 -108.635690
v 89.558228 18.146379 -109.176305
v 98.199762 13.191579 -110.864006
v 105.982602 7.815135 -108.459097
v 111.385118 5.195770 -108.329339
v 118.027160 4.245986 -106.419601
v 125.271127 9.200445 -99.747588
v 65.342179 15.999850 -125.603589
v 68.994388 15.005318 -127.628916
v 74.046359 15.736126 -129.151944
v 77.832792 15.724554 -132.615041
v 80.946566 15.241601 -136.119232
v 82.221658 33.178459 -123.069199
v 87.665959 31.838708 -124.973303
v 78.438195 30.897294 -122.428406
v 75.229049 29.317633 -122.418889
v 72.250061 26.677355 -121.931186
v 71.094948 25.214251 -120.786857
v 69.477239 23.186429 -119.959141
v 69.457368 21.732199 -118.184065
v 70.704776 22.266687 -117.732437
v 72.141847 20.574399 -115.919507
v 75.170302 21.130342 -114.982418
v 77.219577 20.999915 -113.685604
v 81.922185 31.850206 -117.832891
v 89.118304 31.223625 -118.385748
v 92.881574 23.753886 -128.252026
v 92.624307 12.496988 -136.086106
v 100.991488 12.126035 -134.345416
v 96.554069 19.743075 -129.138420
v 103.690121 18.985202 -125.903684
v 108.499792 14.107337 -129.457312
v 111.487061 11.960589 -116.791548
v 104.060845 17.860201 -117.636258
v 115.964308 7.006990 -116.423258
v 113.954354 7.714781 -132.745828
v 105.173030 5.185835 -139.896556
v 91.003688 5.207578 -141.363576
v 119.672761 4.435650 -116.627213
v 118.328506 6.298319 -136.525316
v 105.277605 7.325298 -148.545819
v 89.688792 3.060596 -148.765439
v 76.888320 11.214053 -148.192066
v 84.312633 8.963391 -154.125066
v 71.521570 12.181085 -150.585937
v 68.638877 10.379455 -153.085005
v 68.040359 10.065463 -157.369940
v 70.365935 9.949621 -162.284309
v 75.404122 7.618934 -166.142960
v 130.531220 7.981164 -106.808154
v 136.039164 9.384834 -104.662617
v 142.064559 8.062697 -117.833052
v 143.146450 11.229558 -115.266027
v 144.477250 14.078995 -112.941164
v 145.670647 16.183181 -110.962418
v 133.633197 3.641934 -115.012467
v 136.846142 6.832677 -112.125198
v 131.410638 2.727859 -121.427543
v 146.165502 17.842694 -107.332168
v 141.690666 13.161139 -108.990978
v 139.154541 9.994764 -110.266601
v 149.277886 17.409254 -114.478951
v 151.603371 19.420935 -113.179328
v 154.711134 20.993325 -111.916324
v 158.153601 22.050703 -109.211742
v 160.999561 21.405061 -108.420230
v 161.295627 21.599791 -105.775470
v 151.073639 20.984769 -107.548588
v 155.046559 22.368486 -104.855243
v 157.031783 22.278196 -103.089593
v 159.047923 21.891662 -102.757668
v 126.282827 5.937022 -110.465605
v 121.112442 7.384483 -103.516967
v 119.599554 4.322784 -96.658076
v 118.532031 1.739047 -91.956236
v 125.005608 8.738383 -127.264525
v 114.064494 6.257479 -125.444104
v 108.621445 12.036954 -123.757970
v 105.502122 19.077240 -121.058025
v 95.659447 21.788771 -115.466620
v 100.285217 22.856296 -118.172483
v 82.228551 6.430152 -173.003547
v 85.342500 7.928314 -180.198853
v 90.503813 9.950553 -183.863058
v 98.844277 10.188878 -185.190711
v 108.602663 6.389102 -183.538179
v 121.801866 6.474149 -177.475390
v 127.921014 6.823511 -173.315194
v 130.910271 6.899034 -168.310564
v 127.012654 9.062380 -160.388578
v 130.719587 7.512483 -162.044303
v 128.330029 8.675177 -166.638352
v 124.351391 10.252674 -165.107658
v 115.317958 8.009280 -170.088540
v 104.941735 7.268738 -174.723360
v 118.506427 9.871778 -167.029116
v 98.221421 11.014049 -177.096846
v 94.697543 11.496766 -177.112841
v 88.857967 10.981670 -174.065175
v 84.938681 9.643878 -167.692290
v 79.099327 11.048618 -162.758549
v 75.319080 15.819550 -159.634222
v 72.891407 16.556698 -156.167026
v 72.520476 15.666144 -153.564556
v 73.922971 15.984599 -152.354626
v 78.679183 14.481629 -151.670775
v 82.111511 12.759636 -155.547923
v 81.420291 11.865466 -159.871925
v 85.006208 9.315909 -161.312451
v 130.370040 4.334571 -127.729278
v 124.522465 6.318129 -135.588334
v 106.155933 8.425832 -154.948024
v 101.690514 20.542777 -122.932464
v 108.067912 4.513766 -163.118534
v 111.999301 6.336779 -161.146235
v 99.018629 9.379612 -163.083121
v 98.015885 10.256042 -169.933791
v 94.445042 11.608752 -171.534270
v 90.410198 11.766090 -170.519215
v 89.459125 11.963482 -166.875917
v 89.275586 11.754040 -162.373173
v 91.515967 9.235231 -156.386277
v 100.184825 6.522440 -156.625040
v 135.073860 1.455790 -124.714447
v 135.172058 1.316906 -128.394655
v 103.924900 19.579901 -121.140488
v 101.296458 19.627486 -117.994432
v 97.128939 16.624933 -112.838653
v 89.626468 23.659409 -112.649627
v 81.310304 24.736169 -112.142959
v 76.301131 17.676524 -112.219420
v 73.275270 17.233582 -113.752855
v 69.664339 16.863755 -114.839021
v 67.150572 17.554357 -116.352354
v 65.422025 17.801285 -117.645169
v 64.924644 18.790269 -119.955456
v 65.948940 19.792972 -122.103274
v 68.106435 20.390312 -124.164867
v 71.345853 21.009495 -125.871448
v 75.543198 22.189340 -127.047699
v 79.039491 23.172673 -129.238628
v 84.187641 21.279003 -130.322330
v 92.806088 17.166706 -133.032254
v 99.156830 15.131191 -132.114583
v 106.669147 16.309848 -128.164643
v 106.639413 14.106224 -122.626175
v 108.710908 14.667334 -116.892686
v 102.863234 10.124774 -109.290452
v 100.029761 6.158917 -101.866569
v 94.876546 3.640929 -96.773927
v 139.454122 2.810884 -136.195479
v 143.371028 2.775885 -139.529662
v 146.292513 2.840195 -142.545645
v 147.648181 3.152458 -145.218620
v 147.223784 2.930233 -148.694289
v 145.266958 2.977819 -151.611230
v 143.763895 2.976714 -153.774429
v 142.390221 2.450665 -158.854629
v 140.848028 3.008306 -164.272542
v 138.071438 3.060122 -169.627579
v 132.632725 3.131033 -176.646231
v 124.894563 2.910074 -183.419535
v 109.900866 3.312736 -190.466892
v 96.787328 4.529156 -193.093232
v 87.537912 4.171537 -192.072881
v 81.336546 3.426948 -184.936736
v 77.585288 2.575320 -176.903183
v 72.061173 3.125693 -169.116528
v 67.192525 3.679021 -164.265204
v 64.451617 3.561216 -157.700545
v 64.981364 3.416266 -150.483979
v 68.643159 3.067778 -145.097949
v 74.996726 3.287752 -142.664658
v 76.463647 4.839274 -138.729254
v 79.527477 15.515991 -134.782707
v 82.863626 21.581867 -129.113506
v 85.570233 33.113649 -124.621576
v 86.622751 32.266936 -117.477234
v 86.866080 24.933102 -111.215855
v 86.688643 19.325654 -107.799799
v 85.568614 8.263082 -102.040322
v 83.508886 6.760373 -100.221597
v 96.623768 20.272278 -122.910497
v 94.257113 22.678882 -121.620445
v 89.114321 32.424966 -121.782685
v 87.119065 34.012343 -121.019487
v 81.458084 33.210312 -120.090204
v 77.319063 26.403211 -116.879085
v 74.722489 25.679274 -117.557226
v 71.730238 23.981859 -118.259398
v 70.734134 23.850564 -119.050534
v 69.404101 22.500969 -118.983483
v 65.095879 18.376388 -118.703620
v 61.951574 15.805579 -118.363106
v 52.045907 9.885127 -116.839342
v 43.055678 1.979493 -115.232332
v 117.245909 1.236252 -189.783639
v 116.556493 2.380067 -187.063554
v 115.950607 3.101962 -184.696546
v 116.344955 5.472712 -178.150277
v 111.768559 5.750061 -171.822537
v 99.629534 8.221691 -159.680274
v 100.791716 19.349773 -128.791973
v 102.767630 15.979275 -130.522102
v 104.670553 13.485574 -132.481599
v 109.425905 6.591465 -136.734037
v 111.194495 5.087142 -144.528029
v 114.097567 5.952241 -146.623471
v 118.089015 4.709772 -148.487410
v 115.769517 7.460736 -152.821943
v 112.863537 8.308271 -155.585716
v 105.730930 6.462388 -159.058746
v 72.386405 12.742331 -161.338270
v 69.954318 13.088345 -156.876037
v 70.264438 12.766035 -153.256778
v 72.546703 13.889055 -151.329118
v 77.725354 12.733044 -149.620802
v 83.363539 10.645728 -154.747315
v 82.890182 9.850036 -160.360180
v 83.640125 8.693791 -165.496011
v 80.210415 5.269064 -169.608206
v 76.485168 2.692640 -172.462225
v 75.375009 2.139034 -173.263186
v 73.971340 1.283734 -174.511860
v 120.003795 9.223074 -169.558793
v 118.154216 7.941583 -173.788343
v 113.754259 5.983672 -174.882868
v 106.884416 7.256658 -178.744251
v 98.582313 10.979813 -180.860814
v 92.699716 11.179587 -180.289037
v 87.123647 9.740531 -176.934406
v 83.620308 8.224391 -170.163696
v 82.045288 7.112332 -167.403377
v 77.443602 9.828252 -164.362665
v 123.253950 8.238013 -171.100862
vt 0.017717 0.000000
vt 0.828912 0.000000
vt 0.795240 1.000000
vt 0.000000 0.836313
vt 0.000000 0.000000
vt 1.000000 0.000000
vt 1.000000 1.000000
vt 0.000000 1.000000
vt 0.000000 0.000000
vt 1.000000 0.000000
vt 1.000000 1.000000
vt 0.000000 1.000000
vt 0.000000 0.000000
vt 1.000000 0.000000
vt 1.000000 1.000000
vt 0.000000 1.000000
vt 0.000000 0.000000
vt 1.000000 0.000000
vt 1.000000 1.000000
vt 0.000000 1.000000
vt 0.000000 0.000000
vt 1.000000 0.000000
vt 1.000000 1.000000
vt 0.000000 1.000000
vt 0.000000 0.000000
vt 1.000000 0.000000
vt 1.000000 1.000000
vt 0.000000 1.000000
vt 0.000000 0.000000
vt 1.000000 0.000000
vt 1.000000 1.000000
vt 0.000000 1.000000
vt 0.000000 0.000000
vt 1.000000 0.000000
vt 1.000000 1.000000
vt 0.000000 1.000000
vt 0.000000 0.000000
vt 1.000000 0.000000
vt 1.000000 1.000000
vt 0.000000 1.000000
vt 0.000000 0.000000
vt 1.000000 0.000000
vt 1.000000 1.000000
vt 0.000000 1.000000
vt 0.000000 0.000000
vt 1.000000 0.000000
vt 1.000000 1.000000
vt 0.000000 1.000000
vt 0.000000 0.000000
vt 1.000000 0.000000
vt 1.000000 1.000000
vt 0.000000 1.000000
vt 0.000000 0.000000
vt 1.000000 0.000000
vt 1.000000 1.000000
vt 0.000000 1.000000
vt 0.000000 0.000000
vt 1.000000 0.000000
vt 1.000000 1.000000
vt 0.000000 1.000000
vt 0.000000 0.000000
vt 1.000000 0.000000
vt 1.000000 1.000000
vt 0.000000 1.000000
vt 0.000000 0.000000
vt 1.000000 0.000000
vt 1.000000 1.000000
vt 0.000000 1.000000
vt 0.000000 0.000000
vt 1.000000 0.000000
vt 1.000000 1.000000
vt 0.000000 1.000000
vt 0.542740 0.000000
vt 0.542740 1.000000
vt 0.000000 0.000000
vt 1.000000 0.000000
vt 1.000000 1.000000
vt 0.000000 1.000000
vt 0.000000 0.000000
vt 1.000000 0.000000
vt 1.000000 1.000000
vt 0.000000 1.000000
vt 0.500000 0.000000
vt 1.000000 1.000000
vt 0.000000 1.000000
vt 0.000000 0.000000
vt 1.000000 0.000000
vt 1.000000 1.000000
vt 0.000000 1.000000
vt 0.000000 0.000000
vt 1.000000 0.000000
vt 1.000000 1.000000
vt 0.000000 1.000000
vt 0.000000 0.000000
vt 1.000000 0.000000
vt 1.000000 1.000000
vt 0.000000 1.000000
vt 0.000000 0.000000
vt 1.000000 0.000000
vt 1.000000 1.000000
vt 0.000000 1.000000
vt 0.000000 0.000000
vt 1.000000 0.000000
vt 1.000000 1.000000
vt 0.000000 1.000000
vt 0.000000 0.000000
vt 1.000000 0.000000
vt 1.000000 1.000000
vt 0.000000 1.000000
vt 0.000000 0.000000
vt 1.000000 0.000000
vt 1.000000 1.000000
vt 0.000000 1.000000
vt 0.000000 0.000000
vt 1.000000 0.000000
vt 1.000000 1.000000
vt 0.000000 1.000000
vt 0.000000 0.000000
vt 1.000000 0.000000
vt 1.000000 1.000000
vt 0.000000 1.000000
vt 0.000000 0.000000
vt 1.000000 0.000000
vt 1.000000 1.000000
vt 0.000000 1.000000
vt 0.000000 0.000000
vt 1.000000 0.000000
vt 1.000000 1.000000
vt 0.000000 1.000000
vt 0.000000 0.000000
vt 1.000000 0.000000
vt 1.000000 1.000000
vt 0.000000 1.000000
vt 0.000000 0.000000
vt 1.000000 0.000000
vt 1.000000 1.000000
vt 0.000000 1.000000
vt 0.000000 0.000000
vt 1.000000 0.000000
vt 1.000000 1.000000
vt 0.000000 1.000000
vt 0.000000 0.000000
vt 1.000000 0.000000
vt 1.000000 1.000000
vt 0.000000 1.000000
vt 0.000000 0.000000
vt 1.000000 0.000000
vt 1.000000 1.000000
vt 0.000000 1.000000
vt 0.000000 0.000000
vt 1.000000 0.000000
vt 1.000000 1.000000
vt 0.000000 1.000000
vt 0.000000 0.000000
vt 1.000000 0.000000
vt 1.000000 1.000000
vt 0.000000 1.000000
vt 0.000000 0.000000
vt 1.000000 0.000000
vt 1.000000 1.000000
vt 0.000000 1.000000
vt 0.000000 0.000000
vt 1.000000 0.000000
vt 1.000000 1.000000
vt 0.000000 1.000000
vt 0.000000 0.000000
vt 1.000000 0.000000
vt 1.000000 1.000000
vt 0.000000 1.000000
vt 0.000000 0.000000
vt 1.000000 0.000000
vt 1.000000 1.000000
vt 0.000000 1.000000
vt 0.000000 0.000000
vt 1.000000 0.000000
vt 1.000000 1.000000
vt 0.000000 1.000000
vt 0.000000 0.000000
vt 1.000000 0.000000
vt 1.000000 1.000000
vt 0.000000 1.000000
vt 0.000000 0.000000
vt 1.000000 0.000000
vt 1.000000 1.000000
vt 0.000000 1.000000
vt 0.000000 0.000000
vt 1.000000 0.000000
vt 1.000000 1.000000
vt 0.000000 1.000000
vt 0.000000 0.000000
vt 1.000000 0.000000
vt 1.000000 1.000000
vt 0.000000 1.000000
vt 0.000000 0.000000
vt 1.000000 0.000000
vt 1.000000 1.000000
vt 0.000000 1.000000
vt 0.000000 0.000000
vt 1.000000 0.000000
vt 1.000000 1.000000
vt 0.000000 1.000000
vt 0.000000 0.000000
vt 1.000000 0.000000
vt 1.000000 1.000000
vt 0.000000 1.000000
vt 0.000000 0.000000
vt 1.000000 0.000000
vt 1.000000 1.000000
vt 0.000000 1.000000
vt 0.000000 0.000000
vt 1.000000 0.000000
vt 1.000000 1.000000
vt 0.000000 1.000000
vt 0.000000 0.000000
vt 1.000000 0.000000
vt 1.000000 1.000000
vt 0.000000 1.000000
vt 0.000000 0.000000
vt 1.000000 0.000000
vt 1.000000 1.000000
vt 0.000000 1.000000
vt 0.000000 0.000000
vt 1.000000 0.000000
vt 1.000000 1.000000
vt 0.000000 1.000000
vt 0.000000 0.000000
vt 1.000000 0.000000
vt 1.000000 1.000000
vt 0.000000 1.000000
vt 0.000000 0.000000
vt 1.000000 0.000000
vt 1.000000 1.000000
vt 0.000000 1.000000
vt 0.000000 0.000000
vt 1.000000 0.000000
vt 1.000000 1.000000
vt 0.000000 1.000000
vt 0.000000 0.000000
vt 1.000000 0.000000
vt 1.000000 1.000000
vt 0.000000 1.000000
vt 0.000000 0.000000
vt 1.000000 0.000000
vt 1.000000 1.000000
vt 0.000000 1.000000
vt 0.000000 0.000000
vt 1.000000 0.000000
vt 1.000000 1.000000
vt 0.000000 1.000000
vt 0.000000 0.000000
vt 1.000000 0.000000
vt 1.000000 1.000000
vt 0.000000 1.000000
vt 0.000000 0.000000
vt 1.000000 0.000000
vt 1.000000 1.000000
vt 0.000000 1.000000
vt 0.000000 0.000000
vt 1.000000 0.000000
vt 1.000000 1.000000
vt 0.000000 1.000000
vt 0.000000 0.000000
vt 1.000000 0.000000
vt 1.000000 1.000000
vt 0.000000 1.000000
vt 0.000000 0.000000
vt 1.000000 0.000000
vt 1.000000 1.000000
vt 0.000000 1.000000
vt 0.000000 0.000000
vt 1.000000 0.000000
vt 1.000000 1.000000
vt 0.000000 1.000000
vt 0.000000 0.000000
vt 1.000000 0.000000
vt 1.000000 1.000000
vt 0.000000 1.000000
vt 0.000000 0.000000
vt 1.000000 0.000000
vt 1.000000 1.000000
vt 0.000000 1.000000
vt 0.000000 0.000000
vt 1.000000 0.000000
vt 1.000000 1.000000
vt 0.000000 1.000000
vt 0.000000 0.000000
vt 1.000000 0.000000
vt 1.000000 1.000000
vt 0.000000 1.000000
vt 0.000000 0.000000
vt 1.000000 0.000000
vt 1.000000 1.000000
vt 0.000000 1.000000
vt 0.000000 0.000000
vt 1.000000 0.000000
vt 1.000000 1.000000
vt 0.000000 1.000000
vt 0.000000 0.000000
vt 1.000000 0.000000
vt 1.000000 1.000000
vt 0.000000 1.000000
vt 0.000000 0.000000
vt 1.000000 0.000000
vt 1.000000 1.000000
vt 0.000000 1.000000
vt 0.000000 0.000000
vt 1.000000 0.000000
vt 1.000000 1.000000
vt 0.000000 1.000000
vt 0.000000 0.000000
vt 1.000000 0.000000
vt 1.000000 1.000000
vt 0.000000 1.000000
vt 0.000000 0.000000
vt 1.000000 0.000000
vt 1.000000 1.000000
vt 0.000000 1.000000
vt 0.000000 0.000000
vt 1.000000 0.000000
vt 1.000000 1.000000
vt 0.000000 1.000000
vt 0.000000 0.000000
vt 1.000000 0.000000
vt 1.000000 1.000000
vt 0.000000 1.000000
vt 0.000000 0.000000
vt 1.000000 0.000000
vt 1.000000 1.000000
vt 0.000000 1.000000
vt 0.000000 0.000000
vt 1.000000 0.000000
vt 1.000000 1.000000
vt 0.000000 1.000000
vt 0.530563 0.000000
vt 0.530563 1.000000
vt 0.000000 0.000000
vt 1.000000 0.000000
vt 1.000000 1.000000
vt 0.000000 1.000000
vt 0.571419 1.000000
vt 0.428581 0.000000
vt 0.571419 0.000000
vt 0.428581 0.000000
vt 0.428581 1.000000
vt 0.428581 1.000000
vt 0.000000 0.000000
vt 1.000000 0.000000
vt 1.000000 1.000000
vt 0.000000 1.000000
vt 0.000000 0.000000
vt 1.000000 0.000000
vt 1.000000 1.000000
vt 0.000000 1.000000
vt 0.000000 0.000000
vt 1.000000 0.000000
vt 1.000000 1.000000
vt 0.000000 1.000000
vt 0.000000 0.000000
vt 1.000000 0.000000
vt 1.000000 1.000000
vt 0.000000 1.000000
vt 0.000000 0.000000
vt 1.000000 0.000000
vt 1.000000 1.000000
vt 0.000000 1.000000
vt 0.000000 0.000000
vt 1.000000 0.000000
vt 1.000000 1.000000
vt 0.000000 1.000000
vt 0.000000 0.000000
vt 1.000000 0.000000
vt 1.000000 1.000000
vt 0.000000 1.000000
vt 0.000000 0.000000
vt 1.000000 0.000000
vt 1.000000 1.000000
vt 0.000000 1.000000
vt 0.000000 0.000000
vt 1.000000 0.000000
vt 1.000000 1.000000
vt 0.000000 1.000000
vt 0.000000 0.000000
vt 1.000000 0.000000
vt 1.000000 1.000000
vt 0.000000 1.000000
vt 0.000000 0.000000
vt 1.000000 0.000000
vt 1.000000 1.000000
vt 0.000000 1.000000
vt 0.000000 0.000000
vt 1.000000 0.000000
vt 1.000000 1.000000
vt 0.000000 1.000000
vt 0.000000 0.000000
vt 1.000000 0.000000
vt 1.000000 1.000000
vt 0.000000 1.000000
vt 0.000000 0.000000
vt 1.000000 0.000000
vt 1.000000 1.000000
vt 0.000000 1.000000
vt 0.000000 0.000000
vt 1.000000 0.000000
vt 1.000000 1.000000
vt 0.000000 1.000000
vt 0.000000 0.000000
vt 1.000000 0.000000
vt 1.000000 1.000000
vt 0.000000 1.000000
vt 0.000000 0.000000
vt 1.000000 0.000000
vt 1.000000 1.000000
vt 0.000000 1.000000
vt 0.000000 0.000000
vt 1.000000 0.000000
vt 1.000000 1.000000
vt 0.000000 1.000000
vt 0.000000 0.000000
vt 1.000000 0.000000
vt 1.000000 1.000000
vt 0.000000 1.000000
vt 0.000000 0.000000
vt 1.000000 0.000000
vt 1.000000 1.000000
vt 0.000000 1.000000
vt 0.000000 0.000000
vt 1.000000 0.000000
vt 1.000000 1.000000
vt 0.000000 1.000000
vt 0.000000 0.000000
vt 1.000000 0.000000
vt 1.000000 1.000000
vt 0.000000 1.000000
vt 0.000000 0.000000
vt 1.000000 0.000000
vt 1.000000 1.000000
vt 0.000000 1.000000
vt 0.000000 0.000000
vt 1.000000 0.000000
vt 1.000000 1.000000
vt 0.000000 1.000000
vt 0.000000 0.000000
vt 1.000000 0.000000
vt 1.000000 1.000000
vt 0.000000 1.000000
vt 0.000000 0.000000
vt 1.000000 0.000000
vt 1.000000 1.000000
vt 0.000000 1.000000
vt 0.000000 0.000000
vt 1.000000 0.000000
vt 1.000000 1.000000
vt 0.000000 1.000000
vt 0.000000 0.000000
vt 1.000000 0.000000
vt 1.000000 1.000000
vt 0.000000 1.000000
vt 0.000000 0.000000
vt 1.000000 0.000000
vt 1.000000 1.000000
vt 0.000000 1.000000
vt 0.000000 0.000000
vt 1.000000 0.000000
vt 1.000000 1.000000
vt 0.000000 1.000000
vt 0.000000 0.000000
vt 1.000000 0.000000
vt 1.000000 1.000000
vt 0.000000 1.000000
vt 0.000000 0.000000
vt 1.000000 0.000000
vt 1.000000 1.000000
vt 0.000000 1.000000
vt 0.000000 0.000000
vt 1.000000 0.000000
vt 1.000000 1.000000
vt 0.000000 1.000000
vt 0.000000 0.000000
vt 1.000000 0.000000
vt 1.000000 1.000000
vt 0.000000 1.000000
vt 0.000000 0.000000
vt 1.000000 0.000000
vt 1.000000 1.000000
vt 0.000000 1.000000
vt 0.000000 0.000000
vt 1.000000 0.000000
vt 1.000000 1.000000
vt 0.000000 1.000000
vt 0.000000 0.000000
vt 1.000000 0.000000
vt 1.000000 1.000000
vt 0.000000 1.000000
vt 0.000000 0.000000
vt 1.000000 0.000000
vt 1.000000 1.000000
vt 0.000000 1.000000
vt 0.000000 0.000000
vt 1.000000 0.000000
vt 1.000000 1.000000
vt 0.000000 1.000000
vt 0.000000 0.000000
vt 1.000000 0.000000
vt 1.000000 1.000000
vt 0.000000 1.000000
vt 0.000000 0.000000
vt 1.000000 0.000000
vt 1.000000 1.000000
vt 0.000000 1.000000
vt 0.000000 0.000000
vt 1.000000 0.000000
vt 1.000000 1.000000
vt 0.000000 1.000000
vt 0.000000 0.000000
vt 1.000000 0.000000
vt 1.000000 1.000000
vt 0.000000 1.000000
vt 0.000000 0.000000
vt 1.000000 0.000000
vt 1.000000 1.000000
vt 0.000000 1.000000
vt 0.000000 0.000000
vt 1.000000 0.000000
vt 1.000000 1.000000
vt 0.000000 1.000000
vt 0.000000 0.000000
vt 1.000000 0.000000
vt 1.000000 1.000000
vt 0.000000 1.000000
vt 0.000000 0.000000
vt 1.000000 0.000000
vt 1.000000 1.000000
vt 0.000000 1.000000
vt 0.000000 0.000000
vt 1.000000 0.000000
vt 1.000000 1.000000
vt 0.000000 1.000000
vt 0.000000 0.000000
vt 1.000000 0.000000
vt 1.000000 1.000000
vt 0.000000 1.000000
vt 0.000000 0.000000
vt 1.000000 0.000000
vt 1.000000 1.000000
vt 0.000000 1.000000
vt 0.000000 0.000000
vt 1.000000 0.000000
vt 1.000000 1.000000
vt 0.000000 1.000000
vt 0.000000 0.000000
vt 1.000000 0.000000
vt 1.000000 1.000000
vt 0.000000 1.000000
vt 0.000000 0.000000
vt 1.000000 0.000000
vt 1.000000 1.000000
vt 0.000000 1.000000
vt 0.000000 0.000000
vt 1.000000 0.000000
vt 1.000000 1.000000
vt 0.000000 1.000000
vt 0.000000 0.000000
vt 1.000000 0.000000
vt 1.000000 1.000000
vt 0.000000 1.000000
vt 0.000000 0.000000
vt 1.000000 0.000000
vt 1.000000 1.000000
vt 0.000000 1.000000
vt 0.000000 0.000000
vt 1.000000 0.000000
vt 1.000000 1.000000
vt 0.000000 1.000000
vt 0.000000 0.000000
vt 1.000000 0.000000
vt 1.000000 1.000000
vt 0.000000 1.000000
vt 0.000000 0.000000
vt 1.000000 0.000000
vt 1.000000 1.000000
vt 0.000000 1.000000
vt 0.000000 0.000000
vt 1.000000 0.000000
vt 1.000000 1.000000
vt 0.000000 1.000000
vt 0.000000 0.000000
vt 1.000000 0.000000
vt 1.000000 1.000000
vt 0.000000 1.000000
vt 0.000000 0.000000
vt 1.000000 0.000000
vt 1.000000 1.000000
vt 0.000000 1.000000
vt 0.000000 0.000000
vt 1.000000 0.000000
vt 1.000000 1.000000
vt 0.000000 1.000000
vt 0.000000 0.000000
vt 1.000000 0.000000
vt 1.000000 1.000000
vt 0.000000 1.000000
vt 0.000000 0.000000
vt 1.000000 0.000000
vt 1.000000 1.000000
vt 0.000000 1.000000
vt 0.000000 0.000000
vt 1.000000 0.000000
vt 1.000000 1.000000
vt 0.000000 1.000000
vt 0.000000 0.000000
vt 1.000000 0.000000
vt 1.000000 1.000000
vt 0.000000 1.000000
vt 0.000000 0.000000
vt 1.000000 0.000000
vt 1.000000 1.000000
vt 0.000000 1.000000
vt 0.000000 0.000000
vt 1.000000 0.000000
vt 1.000000 1.000000
vt 0.000000 1.000000
vt 0.000000 0.000000
vt 1.000000 0.000000
vt 1.000000 1.000000
vt 0.000000 1.000000
vt 0.000000 0.000000
vt 1.000000 0.000000
vt 1.000000 1.000000
vt 0.000000 1.000000
vt 0.000000 0.000000
vt 1.000000 0.000000
vt 1.000000 1.000000
vt 0.000000 1.000000
vt 0.000000 0.000000
vt 1.000000 0.000000
vt 1.000000 1.000000
vt 0.000000 1.000000
vt 0.000000 0.000000
vt 1.000000 0.000000
vt 1.000000 1.000000
vt 0.000000 1.000000
vt 0.000000 0.000000
vt 1.000000 0.000000
vt 1.000000 1.000000
vt 0.000000 1.000000
vt 0.000000 0.000000
vt 1.000000 0.000000
vt 1.000000 1.000000
vt 0.000000 1.000000
vt 0.000000 0.000000
vt 1.000000 0.000000
vt 1.000000 1.000000
vt 0.000000 1.000000
vt 0.000000 0.000000
vt 1.000000 0.000000
vt 1.000000 1.000000
vt 0.000000 1.000000
vt 0.000000 0.000000
vt 1.000000 0.000000
vt 1.000000 1.000000
vt 0.000000 1.000000
vt 0.000000 0.000000
vt 1.000000 0.000000
vt 1.000000 1.000000
vt 0.000000 1.000000
vt 0.000000 0.000000
vt 1.000000 0.000000
vt 1.000000 1.000000
vt 0.000000 1.000000
vt 0.000000 0.000000
vt 1.000000 0.000000
vt 1.000000 1.000000
vt 0.000000 1.000000
vt 0.000000 0.000000
vt 1.000000 0.000000
vt 1.000000 1.000000
vt 0.000000 1.000000
vt 0.000000 0.000000
vt 1.000000 0.000000
vt 1.000000 1.000000
vt 0.000000 1.000000
vt 0.000000 0.000000
vt 1.000000 0.000000
vt 1.000000 1.000000
vt 0.000000 1.000000
vt 0.000000 0.000000
vt 1.000000 0.000000
vt 1.000000 1.000000
vt 0.000000 1.000000
vt 0.000000 0.000000
vt 1.000000 0.000000
vt 1.000000 1.000000
vt 0.000000 1.000000
vt 0.000000 0.000000
vt 1.000000 0.000000
vt 1.000000 1.000000
vt 0.000000 1.000000
vt 0.000000 0.000000
vt 1.000000 0.000000
vt 1.000000 1.000000
vt 0.000000 1.000000
vt 0.000000 0.000000
vt 1.000000 0.000000
vt 1.000000 1.000000
vt 0.000000 1.000000
vt 0.000000 0.000000
vt 1.000000 0.000000
vt 1.000000 1.000000
vt 0.000000 1.000000
vt 0.000000 0.000000
vt 1.000000 0.000000
vt 1.000000 1.000000
vt 0.000000 1.000000
vt 0.000000 0.000000
vt 1.000000 0.000000
vt 1.000000 1.000000
vt 0.000000 1.000000
vt 0.000000 0.000000
vt 1.000000 0.000000
vt 1.000000 1.000000
vt 0.000000 1.000000
vt 0.000000 0.000000
vt 1.000000 0.000000
vt 1.000000 1.000000
vt 0.000000 1.000000
vt 0.000000 0.000000
vt 1.000000 0.000000
vt 1.000000 1.000000
vt 0.000000 1.000000
vt 0.000000 0.000000
vt 1.000000 0.000000
vt 1.000000 1.000000
vt 0.000000 1.000000
vt 0.000000 0.000000
vt 1.000000 0.000000
vt 1.000000 1.000000
vt 0.000000 1.000000
vt 0.000000 0.000000
vt 1.000000 0.000000
vt 1.000000 1.000000
vt 0.000000 1.000000
vt 0.000000 0.000000
vt 1.000000 0.000000
vt 1.000000 1.000000
vt 0.000000 1.000000
vt 0.000000 0.000000
vt 1.000000 0.000000
vt 1.000000 1.000000
vt 0.000000 1.000000
vt 0.000000 0.000000
vt 1.000000 0.000000
vt 1.000000 1.000000
vt 0.000000 1.000000
vt 0.000000 0.000000
vt 1.000000 0.000000
vt 1.000000 1.000000
vt 0.000000 1.000000
vt 0.000000 0.000000
vt 1.000000 0.000000
vt 1.000000 1.000000
vt 0.000000 1.000000
vt 0.000000 0.000000
vt 1.000000 0.000000
vt 1.000000 1.000000
vt 0.000000 1.000000
vt 0.000000 0.000000
vt 1.000000 0.000000
vt 1.000000 1.000000
vt 0.000000 1.000000
vt 0.000000 0.000000
vt 1.000000 0.000000
vt 1.000000 1.000000
vt 0.000000 1.000000
vt 0.000000 0.000000
vt 1.000000 0.000000
vt 1.000000 1.000000
vt 0.000000 1.000000
vt 0.000000 0.000000
vt 1.000000 0.000000
vt 1.000000 1.000000
vt 0.000000 1.000000
vt 0.000000 0.000000
vt 1.000000 0.000000
vt 1.000000 1.000000
vt 0.000000 1.000000
vt 0.000000 0.000000
vt 1.000000 0.000000
vt 1.000000 1.000000
vt 0.000000 1.000000
vt 0.000000 0.000000
vt 1.000000 0.000000
vt 1.000000 1.000000
vt 0.000000 1.000000
vt 0.000000 0.000000
vt 1.000000 0.000000
vt 1.000000 1.000000
vt 0.000000 1.000000
vt 0.000000 0.000000
vt 1.000000 0.000000
vt 1.000000 1.000000
vt 0.000000 1.000000
vt 0.000000 0.000000
vt 1.000000 0.000000
vt 1.000000 1.000000
vt 0.000000 1.000000
vt 0.000000 0.000000
vt 1.000000 0.000000
vt 1.000000 1.000000
vt 0.000000 1.000000
vt 0.000000 0.000000
vt 1.000000 0.000000
vt 1.000000 1.000000
vt 0.000000 1.000000
vt 0.000000 0.000000
vt 1.000000 0.000000
vt 1.000000 1.000000
vt 0.000000 1.000000
vt 0.000000 0.000000
vt 1.000000 0.000000
vt 1.000000 1.000000
vt 0.000000 1.000000
vt 0.000000 0.000000
vt 1.000000 0.000000
vt 1.000000 1.000000
vt 0.000000 1.000000
vt 0.000000 0.000000
vt 1.000000 0.000000
vt 1.000000 1.000000
vt 0.000000 1.000000
vt 0.000000 0.000000
vt 1.000000 0.000000
vt 1.000000 1.000000
vt 0.000000 1.000000
vt 0.000000 0.000000
vt 1.000000 0.000000
vt 1.000000 1.000000
vt 0.000000 1.000000
vt 0.000000 0.000000
vt 1.000000 0.000000
vt 1.000000 1.000000
vt 0.000000 1.000000
vt 0.000000 0.000000
vt 1.000000 0.000000
vt 1.000000 1.000000
vt 0.000000 1.000000
vt 0.000000 0.000000
vt 1.000000 0.000000
vt 1.000000 1.000000
vt 0.000000 1.000000
vt 0.000000 0.000000
vt 1.000000 0.000000
vt 1.000000 1.000000
vt 0.000000 1.000000
vt 0.000000 0.000000
vt 1.000000 0.000000
vt 1.000000 1.000000
vt 0.000000 1.000000
vt 0.000000 0.000000
vt 1.000000 0.000000
vt 1.000000 1.000000
vt 0.000000 1.000000
vt 0.000000 0.000000
vt 1.000000 0.000000
vt 1.000000 1.000000
vt 0.000000 1.000000
vt 0.000000 0.000000
vt 1.000000 0.000000
vt 1.000000 1.000000
vt 0.000000 1.000000
vt 0.000000 0.000000
vt 1.000000 0.000000
vt 1.000000 1.000000
vt 0.000000 1.000000
vt 0.000000 0.000000
vt 1.000000 0.000000
vt 1.000000 1.000000
vt 0.000000 1.000000
vt 0.000000 0.000000
vt 1.000000 0.000000
vt 1.000000 1.000000
vt 0.000000 1.000000
vt 0.000000 0.000000
vt 1.000000 0.000000
vt 1.000000 1.000000
vt 0.000000 1.000000
vt 0.000000 0.000000
vt 1.000000 0.000000
vt 1.000000 1.000000
vt 0.000000 1.000000
vt 0.000000 0.000000
vt 1.000000 0.000000
vt 1.000000 1.000000
vt 0.000000 1.000000
vt 0.000000 0.000000
vt 1.000000 0.000000
vt 1.000000 1.000000
vt 0.000000 1.000000
vt 0.000000 0.000000
vt 1.000000 0.000000
vt 1.000000 1.000000
vt 0.000000 1.000000
vt 0.000000 0.000000
vt 1.000000 0.000000
vt 1.000000 1.000000
vt 0.000000 1.000000
vt 0.000000 0.000000
vt 1.000000 0.000000
vt 1.000000 1.000000
vt 0.000000 1.000000
vt 0.000000 0.000000
vt 1.000000 0.000000
vt 1.000000 1.000000
vt 0.000000 1.000000
vt 0.000000 0.000000
vt 1.000000 0.000000
vt 1.000000 1.000000
vt 0.000000 1.000000
vt 0.000000 0.000000
vt 1.000000 0.000000
vt 1.000000 1.000000
vt 0.000000 1.000000
vt 0.000000 0.000000
vt 1.000000 0.000000
vt 1.000000 1.000000
vt 0.000000 1.000000
vt 0.000000 0.000000
vt 1.000000 0.000000
vt 1.000000 1.000000
vt 0.000000 1.000000
vt 0.000000 0.000000
vt 1.000000 0.000000
vt 1.000000 1.000000
vt 0.000000 1.000000
vt 0.000000 0.000000
vt 1.000000 0.000000
vt 1.000000 1.000000
vt 0.000000 1.000000
vt 0.000000 0.000000
vt 1.000000 0.000000
vt 1.000000 1.000000
vt 0.000000 1.000000
vt 0.000000 0.000000
vt 1.000000 0.000000
vt 0.500000 1.000000
vt 0.570671 0.000000
vt 0.570671 0.000000
vt 0.570671 1.000000
vt 0.570671 1.000000
vt 0.000000 0.000000
vt 1.000000 0.000000
vt 1.000000 1.000000
vt 0.000000 1.000000
vt 0.000000 0.000000
vt 1.000000 0.000000
vt 1.000000 1.000000
vt 0.000000 1.000000
vt 0.000000 0.000000
vt 1.000000 0.000000
vt 1.000000 1.000000
vt 0.000000 1.000000
vt 0.000000 0.000000
vt 1.000000 0.000000
vt 1.000000 1.000000
vt 0.000000 1.000000
vt 0.000000 0.000000
vt 1.000000 0.000000
vt 1.000000 1.000000
vt 0.000000 1.000000
vt 0.000000 0.000000
vt 1.000000 0.000000
vt 1.000000 1.000000
vt 0.000000 1.000000
vt 0.000000 0.000000
vt 1.000000 0.000000
vt 1.000000 1.000000
vt 0.000000 1.000000
vt 0.000000 0.000000
vt 1.000000 0.000000
vt 1.000000 1.000000
vt 0.000000 1.000000
vt 0.000000 0.000000
vt 1.000000 0.000000
vt 1.000000 1.000000
vt 0.000000 1.000000
vt 0.000000 0.000000
vt 1.000000 0.000000
vt 1.000000 1.000000
vt 0.000000 1.000000
vt 0.000000 0.000000
vt 1.000000 0.000000
vt 1.000000 1.000000
vt 0.000000 1.000000
vt 0.000000 0.000000
vt 1.000000 0.000000
vt 1.000000 1.000000
vt 0.000000 1.000000
vt 0.000000 0.000000
vt 1.000000 0.000000
vt 1.000000 1.000000
vt 0.000000 1.000000
vt 0.000000 0.000000
vt 1.000000 0.000000
vt 1.000000 1.000000
vt 0.000000 1.000000
vt 0.000000 0.000000
vt 1.000000 0.000000
vt 1.000000 1.000000
vt 0.000000 1.000000
vt 0.000000 0.000000
vt 1.000000 0.000000
vt 1.000000 1.000000
vt 0.000000 1.000000
vt 0.000000 0.000000
vt 1.000000 0.000000
vt 1.000000 1.000000
vt 0.000000 1.000000
vt 0.000000 0.000000
vt 1.000000 0.000000
vt 1.000000 1.000000
vt 0.000000 1.000000
vt 0.000000 0.452334
vt 0.000000 0.452334
vt 1.000000 0.452334
vt 0.547666 0.000000
vt 1.000000 0.452334
vt 0.547666 1.000000
vt 0.000000 0.000000
vt 1.000000 0.000000
vt 1.000000 1.000000
vt 0.000000 1.000000
vt 0.000000 0.000000
vt 1.000000 0.000000
vt 1.000000 1.000000
vt 0.000000 1.000000
vt 0.437298 1.000000
vt 0.562702 0.000000
vt 0.437298 0.000000
vt 1.000000 0.562702
vt 0.562702 1.000000
vt 0.000000 0.562702
vt 0.000000 0.000000
vt 1.000000 0.000000
vt 1.000000 1.000000
vt 0.000000 1.000000
vt 0.000000 0.000000
vt 1.000000 0.000000
vt 1.000000 1.000000
vt 0.000000 1.000000
vt 0.000000 0.000000
vt 1.000000 0.000000
vt 1.000000 1.000000
vt 0.000000 1.000000
vt 0.000000 0.000000
vt 1.000000 0.000000
vt 1.000000 1.000000
vt 0.000000 1.000000
vt 0.000000 0.000000
vt 1.000000 0.000000
vt 1.000000 1.000000
vt 0.000000 1.000000
vt 0.000000 0.000000
vt 1.000000 0.000000
vt 1.000000 1.000000
vt 0.000000 1.000000
vt 0.000000 0.000000
vt 1.000000 0.000000
vt 1.000000 1.000000
vt 0.000000 1.000000
vt 0.000000 0.000000
vt 1.000000 0.000000
vt 1.000000 1.000000
vt 0.000000 1.000000
vt 0.000000 0.000000
vt 1.000000 0.000000
vt 1.000000 1.000000
vt 0.000000 1.000000
vt 0.000000 0.000000
vt 1.000000 0.000000
vt 1.000000 1.000000
vt 0.000000 1.000000
vt 0.000000 0.000000
vt 1.000000 0.000000
vt 1.000000 1.000000
vt 0.000000 1.000000
vt 0.000000 0.000000
vt 1.000000 0.000000
vt 1.000000 1.000000
vt 0.000000 1.000000
vt 0.000000 0.000000
vt 1.000000 0.000000
vt 1.000000 1.000000
vt 0.000000 1.000000
vt 0.000000 0.000000
vt 1.000000 0.000000
vt 1.000000 1.000000
vt 0.000000 1.000000
vt 0.000000 0.000000
vt 1.000000 0.000000
vt 1.000000 1.000000
vt 0.000000 1.000000
vt 0.000000 0.000000
vt 1.000000 0.000000
vt 1.000000 1.000000
vt 0.000000 1.000000
vt 0.000000 0.000000
vt 1.000000 0.000000
vt 1.000000 1.000000
vt 0.000000 1.000000
vt 0.000000 0.000000
vt 1.000000 0.000000
vt 1.000000 1.000000
vt 0.000000 1.000000
vt 0.000000 0.000000
vt 1.000000 0.000000
vt 1.000000 1.000000
vt 0.000000 1.000000
vt 0.000000 0.000000
vt 1.000000 0.000000
vt 1.000000 1.000000
vt 0.000000 1.000000
vt 0.000000 0.000000
vt 1.000000 0.000000
vt 1.000000 1.000000
vt 0.000000 1.000000
vt 0.000000 0.000000
vt 1.000000 0.000000
vt 1.000000 1.000000
vt 0.000000 1.000000
vt 0.000000 0.000000
vt 1.000000 0.000000
vt 1.000000 1.000000
vt 0.000000 1.000000
vt 0.000000 0.000000
vt 1.000000 0.000000
vt 1.000000 1.000000
vt 0.000000 1.000000
vt 0.000000 0.000000
vt 1.000000 0.000000
vt 1.000000 1.000000
vt 0.000000 1.000000
vt 0.000000 0.000000
vt 1.000000 0.000000
vt 1.000000 1.000000
vt 0.000000 1.000000
vt 0.000000 0.000000
vt 1.000000 0.000000
vt 1.000000 1.000000
vt 0.000000 1.000000
vt 0.000000 0.000000
vt 1.000000 0.000000
vt 1.000000 1.000000
vt 0.000000 1.000000
vt 0.000000 0.000000
vt 1.000000 0.000000
vt 1.000000 1.000000
vt 0.000000 1.000000
vt 0.000000 0.000000
vt 1.000000 0.000000
vt 1.000000 1.000000
vt 0.000000 1.000000
vt 0.000000 0.000000
vt 1.000000 0.000000
vt 1.000000 1.000000
vt 0.000000 1.000000
vt 0.000000 0.000000
vt 1.000000 0.000000
vt 1.000000 1.000000
vt 0.000000 1.000000
vt 0.000000 0.000000
vt 1.000000 0.000000
vt 1.000000 1.000000
vt 0.000000 1.000000
vt 0.467286 0.000000
vt 0.467286 1.000000
vt 0.000000 0.000000
vt 1.000000 0.000000
vt 1.000000 1.000000
vt 0.000000 1.000000
vt 0.000000 0.000000
vt 1.000000 0.000000
vt 1.000000 1.000000
vt 0.000000 1.000000
vt 0.000000 0.000000
vt 1.000000 0.000000
vt 1.000000 1.000000
vt 0.000000 1.000000
vt 0.000000 0.000000
vt 1.000000 0.000000
vt 1.000000 1.000000
vt 0.000000 1.000000
vt 0.000000 0.000000
vt 1.000000 0.000000
vt 1.000000 1.000000
vt 0.000000 1.000000
vt 0.000000 0.000000
vt 1.000000 0.000000
vt 1.000000 1.000000
vt 0.000000 1.000000
vt 0.000000 0.000000
vt 1.000000 0.000000
vt 1.000000 1.000000
vt 0.000000 1.000000
vt 0.000000 0.000000
vt 1.000000 0.000000
vt 1.000000 1.000000
vt 0.000000 1.000000
vt 0.000000 0.000000
vt 1.000000 0.000000
vt 1.000000 1.000000
vt 0.000000 1.000000
vt 0.000000 0.000000
vt 1.000000 0.000000
vt 1.000000 1.000000
vt 0.000000 1.000000
vt 0.000000 0.000000
vt 1.000000 0.000000
vt 1.000000 1.000000
vt 0.000000 1.000000
vt 0.000000 0.000000
vt 1.000000 0.000000
vt 1.000000 1.000000
vt 0.000000 1.000000
vt 0.000000 0.000000
vt 1.000000 0.000000
vt 1.000000 1.000000
vt 0.000000 1.000000
vt 0.000000 0.000000
vt 1.000000 0.000000
vt 1.000000 1.000000
vt 0.000000 1.000000
vt 0.000000 0.000000
vt 1.000000 0.000000
vt 1.000000 1.000000
vt 0.000000 1.000000
vt 0.000000 0.000000
vt 1.000000 0.000000
vt 1.000000 1.000000
vt 0.000000 1.000000
vt 0.000000 0.000000
vt 1.000000 0.000000
vt 1.000000 1.000000
vt 0.000000 1.000000
vt 0.000000 0.000000
vt 1.000000 0.000000
vt 1.000000 1.000000
vt 0.000000 1.000000
vt 0.000000 0.000000
vt 1.000000 0.000000
vt 1.000000 1.000000
vt 0.000000 1.000000
vt 0.000000 0.000000
vt 1.000000 0.000000
vt 1.000000 1.000000
vt 0.000000 1.000000
vt 0.000000 0.000000
vt 1.000000 0.000000
vt 1.000000 1.000000
vt 0.000000 1.000000
vt 0.000000 0.000000
vt 1.000000 0.000000
vt 1.000000 1.000000
vt 0.000000 1.000000
vt 0.000000 0.000000
vt 1.000000 0.000000
vt 1.000000 1.000000
vt 0.000000 1.000000
vt 0.000000 0.000000
vt 1.000000 0.000000
vt 1.000000 1.000000
vt 0.000000 1.000000
vt 0.000000 0.000000
vt 1.000000 0.000000
vt 1.000000 1.000000
vt 0.000000 1.000000
vt 0.000000 0.000000
vt 1.000000 0.000000
vt 1.000000 1.000000
vt 0.000000 1.000000
vt 0.000000 0.000000
vt 1.000000 0.000000
vt 1.000000 1.000000
vt 0.000000 1.000000
vt 0.000000 0.000000
vt 1.000000 0.000000
vt 1.000000 1.000000
vt 0.000000 1.000000
vt 0.000000 0.000000
vt 1.000000 0.000000
vt 1.000000 1.000000
vt 0.000000 1.000000
vt 0.000000 0.000000
vt 1.000000 0.000000
vt 1.000000 1.000000
vt 0.000000 1.000000
vt 0.000000 0.000000
vt 1.000000 0.000000
vt 1.000000 1.000000
vt 0.000000 1.000000
vt 0.406884 0.000000
vt 1.000000 0.593116
vt 0.593116 1.000000
vt 0.406884 1.000000
vt 1.000000 0.406884
vt 0.593116 0.000000
vt 0.000000 0.593116
vt 0.000000 0.406884
vt 0.000000 0.593116
vt 1.000000 0.593116
vt 0.406884 0.000000
vt 1.000000 0.593116
vt 0.593116 1.000000
vt 0.406884 1.000000
vt 0.593116 1.000000
vt 0.593116 0.000000
vt 0.406884 0.000000
vt 0.593116 0.000000
vt 0.406884 0.000000
vt 0.406884 1.000000
vt 0.593116 1.000000
vt 0.406884 1.000000
vt 0.406884 0.000000
vt 0.593116 0.000000
vt 0.406884 0.000000
vt 0.406884 1.000000
vt 0.406884 0.000000
vt 0.406884 1.000000
vt 0.406884 0.000000
vt 0.406884 1.000000
vt 0.593116 1.000000
vt 0.406884 1.000000
vt 0.593116 0.000000
vt 0.406884 0.000000
vt 0.406884 1.000000
vt 0.593116 1.000000
vt 0.593116 0.000000
vt 0.406884 0.000000
vt 0.406884 1.000000
vt 0.593116 1.000000
vt 0.593116 0.562702
vt 0.593116 0.000000
vt 0.000000 0.593116
vt 1.000000 0.406884
vt 1.000000 0.593116
vt 1.000000 0.406884
vt 0.000000 0.406884
vt 0.000000 0.406884
vt 1.000000 0.414936
vt 0.414936 1.000000
vt 0.585064 1.000000
vt 0.000000 0.414936
vt 1.000000 0.414936
vt 0.585064 0.000000
vt 0.542740 0.414936
vt 1.000000 0.414936
vt 0.000000 0.414936
vt 0.428581 0.414936
vt 1.000000 0.414936
vt 0.000000 0.414936
vt 1.000000 0.414936
vt 0.000000 0.414936
vt 0.354311 0.000000
vt 0.000000 0.414936
vt 0.329974 0.904233
vt 1.000000 0.414936
vt 0.000000 0.414936
vt 1.000000 0.414936
vt 0.000000 0.414936
vt 0.000000 0.585064
vt 1.000000 0.585064
vt 1.000000 0.414936
vt 0.000000 0.414936
vt 0.000000 0.585064
vt 1.000000 0.585064
vt 0.000000 0.585064
vt 1.000000 0.585064
vt 0.000000 0.585064
vt 1.000000 0.585064
vt 1.000000 0.414936
vt 0.000000 0.414936
vt 0.000000 0.585064
vt 1.000000 0.585064
vt 0.000000 0.585064
vt 1.000000 0.585064
vt 0.000000 0.585064
vt 1.000000 0.585064
vt 0.000000 0.585064
vt 1.000000 0.585064
vt 0.000000 0.585064
vt 1.000000 0.585064
vt 0.585064 1.000000
vt 0.585064 0.000000
vt 1.000000 0.414936
vt 0.000000 0.414936
vt 1.000000 0.414936
vt 0.593116 0.414936
vt 0.000000 0.414936
vt 0.414936 0.000000
vt 0.414936 0.000000
vt 0.414936 1.000000
vt 0.414936 0.593116
vt 1.000000 0.414936
vt 0.414936 1.000000
vt 0.414936 0.000000
vt 0.000000 0.414936
vt 0.414936 1.000000
vt 0.482676 0.000000
vt 0.000000 0.517324
vt 0.482676 1.000000
vt 0.000000 0.517324
vt 1.000000 0.517324
vt 0.414936 0.517324
vt 1.000000 0.517324
vt 0.482676 0.000000
vt 0.482676 1.000000
vt 0.517324 1.000000
vt 0.517324 0.000000
vt 0.517324 1.000000
vt 0.517324 0.000000
vt 0.517324 1.000000
vt 0.517324 0.000000
vt 0.517324 1.000000
vt 1.000000 0.482676
vt 0.517324 0.000000
vt 0.406884 0.482676
vt 1.000000 0.482676
vt 0.000000 0.482676
vt 0.482676 0.000000
vt 0.000000 0.482676
vt 0.482676 1.000000
vt 0.547323 0.000000
vt 0.547323 0.585064
vt 0.547323 1.000000
vt 0.452677 1.000000
vt 0.452677 0.000000
vt 0.452677 1.000000
vt 0.452677 0.000000
vt 0.452677 1.000000
vt 0.452677 0.000000
vt 0.000000 0.000000
vt 1.000000 0.000000
vt 1.000000 1.000000
vt 0.000000 1.000000
vt 1.000000 0.471438
vt 0.000000 0.471438
vt 0.406884 0.471438
vt 0.000000 0.471438
vt 0.528562 1.000000
vt 0.528562 0.000000
vt 0.528562 1.000000
vt 0.528562 0.000000
vt 1.000000 0.471438
vt 0.000000 0.471438
vt 0.000000 0.000000
vt 1.000000 0.000000
vt 1.000000 1.000000
vt 0.000000 1.000000
vt 0.000000 0.000000
vt 1.000000 0.000000
vt 1.000000 1.000000
vt 0.000000 1.000000
vt 0.000000 0.000000
vt 1.000000 0.000000
vt 1.000000 1.000000
vt 0.000000 1.000000
vt 0.000000 0.000000
vt 1.000000 0.000000
vt 1.000000 1.000000
vt 0.000000 1.000000
vt 0.000000 0.000000
vt 1.000000 0.000000
vt 1.000000 1.000000
vt 0.000000 1.000000
vt 0.000000 0.000000
vt 1.000000 0.000000
vt 1.000000 1.000000
vt 0.000000 1.000000
vt 0.000000 0.000000
vt 1.000000 0.000000
vt 1.000000 1.000000
vt 0.000000 1.000000
vt 0.000000 0.000000
vt 1.000000 0.000000
vt 1.000000 1.000000
vt 0.000000 1.000000
vt 0.000000 0.000000
vt 1.000000 0.000000
vt 1.000000 1.000000
vt 0.000000 1.000000
vt 0.439917 0.000000
vt 0.560083 0.000000
vt 0.560083 1.000000
vt 0.439917 1.000000
vt 0.439917 0.000000
vt 0.439917 1.000000
vt 0.439917 0.000000
vt 0.000000 0.439917
vt 1.000000 0.439917
vt 1.000000 0.560083
vt 0.000000 0.560083
vt 1.000000 0.560083
vt 0.467286 0.560083
vt 0.560083 0.000000
vt 0.000000 0.560083
vt 0.439917 1.000000
vt 0.560083 1.000000
vt 0.560083 0.000000
vt 0.439917 0.000000
vt 0.560083 0.414936
vt 0.560083 1.000000
vt 0.000000 0.536446
vt 1.000000 0.463554
vt 1.000000 0.536446
vt 0.452677 0.463554
vt 0.000000 0.463554
vt 0.536446 1.000000
vt 0.536446 0.000000
vt 0.463554 0.000000
vt 0.463554 1.000000
vt 0.536446 1.000000
vt 0.536446 0.000000
vt 0.536446 1.000000
vt 0.536446 0.000000
vt 1.000000 0.463554
vt 0.560083 0.463554
vt 0.000000 0.463554
vt 0.536446 1.000000
vt 1.000000 0.000000
vt 1.000000 1.000000
vt 0.000000 1.000000
vt 0.000000 0.000000
vt 1.000000 0.000000
vt 1.000000 1.000000
vt 0.000000 1.000000
vt 0.000000 0.316226
vt 0.000000 0.410517
vn 0.366773 0.911683 -0.185235
vn 0.356203 0.916596 -0.181578
vn 0.359152 0.915242 -0.182599
vn 0.366774 0.911683 -0.185235
vn 0.381730 0.883849 -0.270358
vn 0.381730 0.883849 -0.270358
vn 0.358218 0.894022 -0.269079
vn 0.360642 0.893005 -0.269219
vn 0.295925 0.878342 -0.375426
vn 0.295925 0.878342 -0.375426
vn 0.284547 0.890133 -0.355943
vn 0.283120 0.891559 -0.353505
vn 0.103845 0.917615 -0.383665
vn 0.189845 0.907072 -0.375737
vn 0.167273 0.920913 -0.352049
vn 0.073253 0.924474 -0.374141
vn 0.237768 0.745481 -0.622675
vn 0.237768 0.745481 -0.622675
vn 0.187039 0.747200 -0.637737
vn 0.172853 0.747306 -0.641604
vn -0.100595 0.725480 -0.680852
vn -0.099734 0.726620 -0.679762
vn -0.102454 0.723009 -0.683199
vn -0.102454 0.723009 -0.683199
vn -0.537136 0.740234 -0.404398
vn -0.540809 0.738212 -0.403199
vn -0.567974 0.722625 -0.393978
vn -0.567974 0.722625 -0.393978
vn -0.545892 0.818381 -0.179597
vn -0.553091 0.814453 -0.175378
vn -0.575799 0.801425 -0.161782
vn -0.575799 0.801425 -0.161782
vn -0.272373 0.840200 -0.468911
vn -0.339213 0.880290 -0.331700
vn -0.349787 0.882373 -0.314750
vn -0.293819 0.854092 -0.429182
vn -0.474383 0.686189 -0.551458
vn -0.473990 0.693129 -0.543052
vn -0.475536 0.632093 -0.611820
vn -0.475536 0.632093 -0.611820
vn -0.685056 0.661449 -0.305259
vn -0.696970 0.647973 -0.307187
vn -0.796063 0.513568 -0.320207
vn -0.796063 0.513568 -0.320207
vn -0.773319 0.626149 0.099574
vn -0.775751 0.623172 0.099332
vn -0.878561 0.469821 0.086022
vn -0.878560 0.469821 0.086022
vn -0.635771 0.608472 0.474928
vn -0.634323 0.611004 0.473612
vn -0.649256 0.584017 0.487228
vn -0.649256 0.584017 0.487228
vn -0.296117 0.771853 0.562635
vn -0.281183 0.749778 0.598973
vn -0.243402 0.691210 0.680429
vn -0.243402 0.691210 0.680429
vn 0.361801 0.932153 0.013794
vn 0.361801 0.932153 0.013794
vn 0.366150 0.930554 -0.001583
vn 0.365442 0.930834 0.000944
vn 0.409160 0.876112 -0.254984
vn 0.409160 0.876111 -0.254984
vn 0.419599 0.885224 -0.200788
vn 0.418696 0.884504 -0.205782
vn 0.553589 0.734334 -0.392801
vn 0.553279 0.746373 -0.369879
vn 0.533263 0.774201 -0.340946
vn 0.529199 0.766663 -0.363561
vn 0.543736 0.830366 -0.121832
vn 0.544536 0.835805 0.070078
vn 0.628359 0.769934 0.111206
vn 0.613003 0.788413 -0.051299
vn 0.591946 0.748868 0.297987
vn 0.514126 0.794756 0.322550
vn 0.501390 0.710592 0.493626
vn 0.492971 0.717717 0.491794
vn 0.519834 0.694478 0.497466
vn 0.519834 0.694478 0.497466
vn 0.499546 0.643846 0.579583
vn 0.499546 0.643846 0.579583
vn 0.481714 0.664996 0.570729
vn 0.477517 0.669824 0.568606
vn 0.523253 0.653798 0.546584
vn 0.523253 0.653798 0.546584
vn 0.523253 0.653798 0.546584
vn 0.523253 0.653798 0.546584
vn -0.327766 0.702612 -0.631590
vn -0.327766 0.702612 -0.631590
vn -0.327766 0.702612 -0.631590
vn -0.327766 0.702612 -0.631590
vn 0.202675 0.601762 -0.772532
vn 0.202675 0.601762 -0.772532
vn 0.202675 0.601762 -0.772532
vn 0.202675 0.601762 -0.772532
vn 0.530373 0.624774 -0.573029
vn 0.530372 0.624774 -0.573029
vn 0.530372 0.624774 -0.573029
vn 0.530372 0.624774 -0.573030
vn 0.567085 0.669075 -0.480368
vn 0.567085 0.669075 -0.480368
vn 0.567085 0.669075 -0.480368
vn 0.567085 0.669075 -0.480368
vn 0.529725 0.722034 -0.445038
vn 0.529725 0.722034 -0.445038
vn 0.529725 0.722034 -0.445038
vn 0.529725 0.722034 -0.445038
vn 0.603308 0.797463 0.008493
vn 0.603308 0.797463 0.008493
vn 0.603308 0.797463 0.008493
vn 0.603308 0.797463 0.008493
vn 0.572732 0.670694 0.471325
vn 0.572732 0.670694 0.471325
vn 0.572732 0.670694 0.471325
vn 0.572732 0.670694 0.471325
vn 0.498273 0.615692 0.610448
vn 0.498273 0.615692 0.610448
vn 0.498273 0.615692 0.610448
vn 0.498273 0.615692 0.610448
vn 0.360739 0.596341 0.717109
vn 0.360739 0.596341 0.717109
vn 0.360739 0.596341 0.717109
vn 0.360739 0.596341 0.717109
vn 0.217729 0.540575 0.812633
vn 0.217729 0.540575 0.812633
vn 0.217729 0.540575 0.812633
vn 0.217729 0.540575 0.812633
vn -0.004803 0.553103 0.833099
vn -0.004803 0.553103 0.833099
vn -0.004803 0.553103 0.833099
vn -0.004803 0.553103 0.833099
vn -0.309318 0.717294 0.624349
vn -0.309318 0.717294 0.624349
vn -0.309318 0.717294 0.624349
vn -0.309318 0.717294 0.624349
vn -0.034281 0.822617 0.567562
vn -0.034281 0.822617 0.567562
vn -0.034281 0.822617 0.567562
vn -0.034281 0.822617 0.567562
vn -0.234058 0.842438 0.485300
vn -0.286944 0.871289 0.398144
vn -0.279200 0.867577 0.411531
vn -0.234058 0.842438 0.485299
vn -0.093219 0.948007 0.304290
vn -0.093219 0.948007 0.304290
vn -0.093219 0.948008 0.304290
vn -0.093219 0.948007 0.304290
vn 0.325365 0.860470 0.392083
vn 0.325365 0.860470 0.392083
vn 0.325365 0.860470 0.392083
vn 0.325365 0.860470 0.392083
vn 0.070634 0.943963 0.322405
vn 0.070634 0.943963 0.322405
vn 0.070634 0.943963 0.322405
vn 0.070634 0.943963 0.322405
vn -0.054337 0.923453 0.379844
vn -0.054337 0.923453 0.379844
vn -0.079676 0.911503 0.403501
vn -0.081916 0.910385 0.405571
vn 0.260790 0.825680 0.500241
vn 0.260790 0.825680 0.500241
vn 0.260790 0.825680 0.500241
vn 0.260790 0.825680 0.500241
vn 0.138627 0.823878 0.549552
vn 0.055654 0.799657 0.597872
vn -0.059282 0.753553 0.654708
vn 0.138627 0.823878 0.549552
vn -0.367152 0.743357 0.559124
vn -0.367152 0.743357 0.559124
vn -0.367152 0.743357 0.559124
vn -0.367152 0.743357 0.559124
vn -0.174313 0.866309 0.468106
vn -0.174313 0.866309 0.468106
vn -0.174313 0.866309 0.468106
vn -0.174313 0.866309 0.468106
vn 0.037200 0.894942 0.444629
vn 0.037200 0.894942 0.444629
vn 0.037200 0.894942 0.444629
vn 0.037200 0.894942 0.444629
vn 0.027515 0.856189 0.515929
vn 0.027515 0.856189 0.515929
vn 0.027515 0.856189 0.515929
vn 0.027515 0.856189 0.515929
vn -0.412944 0.858839 0.303104
vn -0.412944 0.858839 0.303104
vn -0.412944 0.858839 0.303104
vn -0.412944 0.858839 0.303104
vn -0.613849 0.779262 0.126257
vn -0.646177 0.761137 0.055910
vn -0.645672 0.761478 0.057086
vn -0.613849 0.779262 0.126257
vn -0.635112 0.668758 -0.386518
vn -0.635112 0.668758 -0.386518
vn -0.635112 0.668758 -0.386518
vn -0.635112 0.668758 -0.386518
vn -0.416203 0.590723 -0.691247
vn -0.416203 0.590723 -0.691247
vn -0.416203 0.590723 -0.691247
vn -0.416203 0.590723 -0.691247
vn -0.224702 0.574177 -0.787292
vn -0.224702 0.574177 -0.787292
vn -0.224702 0.574177 -0.787292
vn -0.224702 0.574177 -0.787292
vn -0.234142 0.635954 -0.735350
vn -0.234142 0.635954 -0.735350
vn -0.234142 0.635954 -0.735350
vn -0.234142 0.635954 -0.735350
vn -0.459778 0.697854 -0.549185
vn -0.459778 0.697854 -0.549185
vn -0.459778 0.697854 -0.549185
vn -0.459778 0.697854 -0.549185
vn -0.449980 0.866818 -0.214812
vn -0.505175 0.814838 -0.284319
vn -0.265612 0.964074 -0.003458
vn -0.265612 0.964074 -0.003458
vn 0.434348 0.766808 -0.472595
vn 0.434349 0.766808 -0.472595
vn 0.434349 0.766808 -0.472595
vn 0.434348 0.766808 -0.472595
vn 0.337778 0.617401 -0.710438
vn 0.337778 0.617401 -0.710438
vn 0.337778 0.617401 -0.710438
vn 0.337778 0.617401 -0.710438
vn 0.013244 0.730991 -0.682259
vn -0.135166 0.784102 -0.605734
vn -0.096725 0.772533 -0.627564
vn 0.013244 0.730991 -0.682259
vn 0.635424 0.555401 -0.536438
vn 0.671399 0.568904 -0.474944
vn 0.688633 0.574718 -0.442135
vn 0.635424 0.555401 -0.536438
vn 0.740472 0.662261 -0.114504
vn 0.740472 0.662261 -0.114504
vn 0.740472 0.662261 -0.114504
vn 0.740472 0.662261 -0.114504
vn 0.703224 0.378448 -0.601875
vn 0.728936 0.375498 -0.572410
vn 0.535498 0.384022 -0.752176
vn 0.535498 0.384022 -0.752176
vn 0.969436 0.237876 -0.060083
vn 0.969436 0.237876 -0.060083
vn 0.969436 0.237876 -0.060083
vn 0.969436 0.237876 -0.060083
vn 0.908209 0.272110 0.317982
vn 0.908209 0.272110 0.317982
vn 0.908209 0.272110 0.317982
vn 0.908209 0.272110 0.317982
vn 0.695958 0.644479 0.316684
vn 0.695958 0.644479 0.316684
vn 0.695958 0.644479 0.316684
vn 0.695958 0.644479 0.316684
vn 0.792427 0.280045 0.541881
vn 0.792427 0.280044 0.541881
vn 0.792427 0.280044 0.541881
vn 0.792427 0.280045 0.541881
vn 0.648017 0.544401 0.532636
vn 0.648017 0.544401 0.532636
vn 0.648017 0.544401 0.532636
vn 0.648017 0.544401 0.532636
vn 0.654456 0.274370 0.704563
vn 0.654456 0.274370 0.704563
vn 0.654456 0.274370 0.704563
vn 0.654456 0.274370 0.704562
vn 0.576198 0.469470 0.669025
vn 0.576198 0.469470 0.669025
vn 0.576198 0.469470 0.669025
vn 0.576198 0.469470 0.669025
vn 0.298536 0.707514 0.640547
vn 0.298536 0.707514 0.640547
vn 0.298536 0.707514 0.640547
vn 0.298536 0.707514 0.640547
vn 0.278389 0.417942 0.864769
vn 0.278389 0.417942 0.864769
vn 0.278389 0.417942 0.864769
vn 0.278389 0.417942 0.864768
vn -0.608550 0.745014 -0.273169
vn -0.608550 0.745014 -0.273169
vn -0.608550 0.745014 -0.273169
vn -0.608550 0.745014 -0.273169
vn -0.734398 0.678697 0.005476
vn -0.734398 0.678697 0.005476
vn -0.734398 0.678697 0.005476
vn -0.734398 0.678697 0.005476
vn -0.611848 0.788822 -0.058323
vn -0.611848 0.788822 -0.058323
vn -0.611848 0.788822 -0.058323
vn -0.611848 0.788822 -0.058323
vn -0.376249 0.558755 0.739073
vn -0.376249 0.558755 0.739073
vn -0.376249 0.558755 0.739073
vn -0.376249 0.558755 0.739073
vn -0.594343 0.698326 0.398870
vn -0.594343 0.698326 0.398870
vn -0.594343 0.698326 0.398870
vn -0.594343 0.698326 0.398870
vn 0.208472 0.369896 0.905382
vn 0.208472 0.369896 0.905382
vn 0.208472 0.369896 0.905382
vn 0.208472 0.369896 0.905382
vn 0.667565 0.225482 0.709588
vn 0.667565 0.225482 0.709588
vn 0.667565 0.225482 0.709588
vn 0.667565 0.225482 0.709588
vn 0.812046 0.224983 0.538484
vn 0.812046 0.224983 0.538484
vn 0.812046 0.224983 0.538484
vn 0.812046 0.224983 0.538484
vn 0.915239 0.220840 0.336998
vn 0.915239 0.220840 0.336998
vn 0.915239 0.220840 0.336998
vn 0.915239 0.220840 0.336998
vn 0.979264 0.199924 0.032758
vn 0.979264 0.199924 0.032758
vn 0.979264 0.199924 0.032758
vn 0.979264 0.199924 0.032758
vn -0.476035 0.510087 0.716381
vn -0.476035 0.510087 0.716381
vn -0.476035 0.510087 0.716381
vn -0.476035 0.510087 0.716381
vn -0.717002 0.552466 0.425076
vn -0.717002 0.552466 0.425076
vn -0.717002 0.552466 0.425076
vn -0.717002 0.552466 0.425076
vn -0.794780 0.587103 0.153734
vn -0.794780 0.587104 0.153734
vn -0.794780 0.587103 0.153734
vn -0.794780 0.587103 0.153734
vn -0.780072 0.618920 -0.091794
vn -0.780072 0.618920 -0.091794
vn -0.780072 0.618920 -0.091794
vn -0.780072 0.618920 -0.091794
vn -0.683020 0.633477 -0.363581
vn -0.683020 0.633476 -0.363581
vn -0.683020 0.633477 -0.363581
vn -0.683020 0.633476 -0.363581
vn -0.351600 0.818407 -0.454520
vn -0.351600 0.818407 -0.454520
vn -0.486441 0.604738 -0.630609
vn -0.486441 0.604738 -0.630609
vn -0.486441 0.604738 -0.630609
vn -0.486441 0.604738 -0.630609
vn 0.814605 0.359461 -0.455199
vn 0.814605 0.359461 -0.455199
vn 0.707799 0.580561 -0.402455
vn 0.707799 0.580561 -0.402455
vn 0.541538 0.773163 -0.330083
vn 0.552528 0.758793 -0.344885
vn 0.819478 0.311841 -0.480844
vn 0.819478 0.311841 -0.480844
vn 0.819478 0.311841 -0.480844
vn 0.819478 0.311841 -0.480844
vn 0.387722 0.376086 -0.841565
vn 0.387722 0.376086 -0.841565
vn 0.387722 0.376086 -0.841565
vn 0.387722 0.376086 -0.841565
vn -0.075810 0.466371 -0.881334
vn -0.075810 0.466371 -0.881335
vn -0.075810 0.466371 -0.881335
vn -0.075810 0.466371 -0.881334
vn 0.250750 0.638657 -0.727490
vn 0.250750 0.638657 -0.727490
vn 0.250750 0.638657 -0.727490
vn 0.250750 0.638657 -0.727490
vn -0.148976 0.692344 -0.706021
vn -0.148976 0.692344 -0.706021
vn -0.148976 0.692344 -0.706021
vn -0.148976 0.692344 -0.706021
vn -0.455995 0.719635 -0.523635
vn -0.455995 0.719635 -0.523635
vn -0.455995 0.719635 -0.523635
vn -0.455995 0.719635 -0.523635
vn -0.616147 0.717880 -0.324053
vn -0.616147 0.717880 -0.324053
vn -0.616147 0.717880 -0.324053
vn -0.616147 0.717880 -0.324053
vn -0.695749 0.709831 -0.109879
vn -0.695749 0.709831 -0.109879
vn -0.695749 0.709831 -0.109879
vn -0.695749 0.709831 -0.109879
vn 0.748300 0.443667 -0.493160
vn 0.748300 0.443667 -0.493160
vn 0.748300 0.443667 -0.493160
vn 0.748300 0.443667 -0.493160
vn 0.742532 0.365057 0.561587
vn 0.742532 0.365057 0.561587
vn 0.742532 0.365057 0.561587
vn 0.742532 0.365057 0.561587
vn 0.847506 0.382992 0.367493
vn 0.847506 0.382992 0.367493
vn 0.847506 0.382992 0.367493
vn 0.847506 0.382992 0.367493
vn 0.890681 0.452953 0.039012
vn 0.890681 0.452953 0.039012
vn 0.890680 0.452953 0.039012
vn 0.890680 0.452953 0.039012
vn 0.567584 0.415702 0.710662
vn 0.567584 0.415702 0.710662
vn 0.567584 0.415702 0.710662
vn 0.567584 0.415702 0.710662
vn 0.139682 0.540937 0.829383
vn 0.139682 0.540937 0.829383
vn 0.139682 0.540937 0.829383
vn 0.139682 0.540937 0.829383
vn -0.407292 0.710289 0.574111
vn -0.407292 0.710288 0.574111
vn -0.407292 0.710288 0.574111
vn -0.407292 0.710288 0.574111
vn -0.699509 0.704559 0.119512
vn -0.699509 0.704559 0.119512
vn -0.699509 0.704559 0.119512
vn -0.699509 0.704559 0.119512
vn -0.612912 0.702941 0.360850
vn -0.612912 0.702941 0.360850
vn -0.612912 0.702941 0.360850
vn -0.612912 0.702941 0.360850
vn -0.539887 0.836288 0.095630
vn -0.539887 0.836288 0.095630
vn -0.539887 0.836287 0.095630
vn -0.539887 0.836287 0.095630
vn -0.458876 0.836374 0.299853
vn -0.458876 0.836374 0.299853
vn -0.458876 0.836374 0.299853
vn -0.458876 0.836374 0.299853
vn -0.285840 0.827996 0.482409
vn -0.285840 0.827996 0.482409
vn -0.285840 0.827996 0.482409
vn -0.285840 0.827996 0.482409
vn -0.551802 0.828640 -0.094179
vn -0.551802 0.828640 -0.094179
vn -0.551802 0.828640 -0.094179
vn -0.551802 0.828640 -0.094179
vn -0.501396 0.827121 -0.253915
vn -0.501396 0.827121 -0.253915
vn -0.501396 0.827121 -0.253915
vn -0.501396 0.827121 -0.253915
vn -0.383983 0.832634 -0.399097
vn -0.383983 0.832634 -0.399097
vn -0.383983 0.832634 -0.399097
vn -0.383983 0.832634 -0.399097
vn -0.194264 0.837570 -0.510626
vn -0.194264 0.837570 -0.510626
vn -0.194264 0.837570 -0.510626
vn -0.194264 0.837570 -0.510626
vn 0.106915 0.850184 -0.515515
vn 0.106915 0.850184 -0.515515
vn 0.106915 0.850184 -0.515515
vn 0.106915 0.850184 -0.515515
vn 0.449337 0.832947 -0.322949
vn 0.449337 0.832947 -0.322949
vn 0.449337 0.832947 -0.322949
vn 0.449337 0.832947 -0.322949
vn 0.640023 0.763725 0.084227
vn 0.640023 0.763725 0.084227
vn 0.640023 0.763725 0.084227
vn 0.640023 0.763725 0.084227
vn 0.648865 0.667450 0.365356
vn 0.648865 0.667450 0.365356
vn 0.648865 0.667450 0.365356
vn 0.648865 0.667450 0.365356
vn 0.559236 0.648419 0.516534
vn 0.559236 0.648419 0.516534
vn 0.559236 0.648419 0.516534
vn 0.559236 0.648419 0.516534
vn 0.398752 0.677590 0.617955
vn 0.398752 0.677590 0.617955
vn 0.398752 0.677590 0.617955
vn 0.398752 0.677590 0.617955
vn 0.083658 0.752694 0.653034
vn 0.083658 0.752694 0.653034
vn 0.083658 0.752694 0.653034
vn 0.083658 0.752694 0.653034
vn -0.427448 0.899273 0.092719
vn -0.427448 0.899273 0.092719
vn -0.427448 0.899273 0.092719
vn -0.427448 0.899273 0.092719
vn -0.456757 0.888421 -0.045617
vn -0.456757 0.888421 -0.045617
vn -0.456757 0.888421 -0.045617
vn -0.456757 0.888421 -0.045617
vn -0.346008 0.912094 0.219917
vn -0.346008 0.912094 0.219917
vn -0.346008 0.912094 0.219917
vn -0.346008 0.912094 0.219917
vn -0.176904 0.911502 0.371307
vn -0.176904 0.911502 0.371307
vn -0.176904 0.911502 0.371307
vn -0.176904 0.911502 0.371307
vn 0.059842 0.876759 0.477192
vn 0.059842 0.876759 0.477192
vn 0.059842 0.876759 0.477192
vn 0.059842 0.876759 0.477192
vn 0.278632 0.822034 0.496613
vn 0.278632 0.822034 0.496613
vn 0.278632 0.822034 0.496613
vn 0.278632 0.822034 0.496613
vn 0.401422 0.807376 0.432439
vn 0.401422 0.807376 0.432439
vn 0.401422 0.807376 0.432439
vn 0.401422 0.807376 0.432439
vn 0.463888 0.833096 0.301262
vn 0.463888 0.833096 0.301262
vn 0.463888 0.833096 0.301262
vn 0.463888 0.833096 0.301262
vn 0.397723 0.911751 0.102602
vn 0.397723 0.911751 0.102602
vn 0.397723 0.911751 0.102602
vn 0.397723 0.911751 0.102602
vn 0.217809 0.971651 -0.091940
vn 0.217809 0.971651 -0.091940
vn 0.217809 0.971651 -0.091940
vn 0.217809 0.971651 -0.091940
vn -0.049878 0.967387 -0.248344
vn -0.049878 0.967387 -0.248344
vn -0.049878 0.967387 -0.248344
vn -0.049878 0.967387 -0.248344
vn -0.204039 0.935173 -0.289515
vn -0.204039 0.935173 -0.289515
vn -0.204039 0.935173 -0.289515
vn -0.204039 0.935173 -0.289515
vn -0.322094 0.910079 -0.260791
vn -0.322094 0.910079 -0.260791
vn -0.322094 0.910079 -0.260791
vn -0.322094 0.910079 -0.260791
vn -0.398546 0.896188 -0.194957
vn -0.398546 0.896188 -0.194957
vn -0.398546 0.896188 -0.194957
vn -0.398546 0.896188 -0.194957
vn -0.026176 0.984052 0.175944
vn -0.026176 0.984052 0.175944
vn -0.026176 0.984052 0.175943
vn -0.026176 0.984052 0.175943
vn -0.220049 0.974797 0.036743
vn -0.220049 0.974797 0.036743
vn -0.220049 0.974797 0.036743
vn -0.220049 0.974797 0.036743
vn -0.273705 0.961785 -0.007384
vn -0.273705 0.961785 -0.007384
vn -0.273705 0.961785 -0.007384
vn -0.273705 0.961785 -0.007384
vn 0.161691 0.947251 0.276718
vn 0.161691 0.947250 0.276718
vn 0.161691 0.947250 0.276718
vn 0.161691 0.947250 0.276718
vn -0.357468 0.930566 -0.079148
vn -0.357468 0.930566 -0.079148
vn -0.357468 0.930566 -0.079148
vn -0.357468 0.930566 -0.079148
vn 0.261948 0.913941 0.309992
vn 0.261948 0.913941 0.309992
vn 0.261948 0.913941 0.309992
vn 0.261948 0.913941 0.309992
vn 0.728075 0.429456 0.534298
vn 0.728075 0.429456 0.534298
vn 0.728075 0.429456 0.534298
vn 0.728075 0.429456 0.534298
vn 0.838979 0.543881 0.017556
vn 0.838979 0.543881 0.017556
vn 0.838979 0.543881 0.017556
vn 0.838979 0.543881 0.017556
vn 0.736834 0.476493 -0.479615
vn 0.736834 0.476493 -0.479615
vn 0.736834 0.476493 -0.479615
vn 0.736834 0.476493 -0.479615
vn 0.706290 0.417694 -0.571565
vn 0.706290 0.417694 -0.571565
vn 0.706290 0.417694 -0.571565
vn 0.706290 0.417694 -0.571565
vn -0.004128 0.917095 0.398649
vn -0.004128 0.917095 0.398648
vn -0.004128 0.917095 0.398649
vn -0.004128 0.917095 0.398648
vn -0.192175 0.937375 0.290511
vn -0.192175 0.937375 0.290511
vn -0.192175 0.937375 0.290511
vn -0.192175 0.937375 0.290511
vn 0.374705 0.924154 0.074403
vn 0.374705 0.924154 0.074403
vn 0.374705 0.924154 0.074403
vn 0.374705 0.924154 0.074403
vn 0.581515 0.376693 0.721070
vn 0.581515 0.376693 0.721070
vn 0.581515 0.376693 0.721070
vn 0.581515 0.376693 0.721070
vn 0.447333 0.362777 0.817488
vn 0.447333 0.362777 0.817488
vn 0.447333 0.362777 0.817488
vn 0.447333 0.362777 0.817488
vn 0.250810 0.358576 0.899176
vn 0.250810 0.358576 0.899176
vn 0.250810 0.358576 0.899176
vn 0.250810 0.358576 0.899176
vn 0.227337 0.348495 0.909323
vn 0.227337 0.348495 0.909323
vn 0.227337 0.348495 0.909323
vn 0.227337 0.348495 0.909323
vn 0.455917 0.290332 0.841337
vn 0.455917 0.290332 0.841337
vn 0.455917 0.290332 0.841337
vn 0.455917 0.290332 0.841337
vn 0.611785 0.274180 0.741987
vn 0.611785 0.274180 0.741987
vn 0.611785 0.274180 0.741987
vn 0.611785 0.274180 0.741987
vn 0.770595 0.304816 0.559706
vn 0.770595 0.304815 0.559706
vn 0.770595 0.304816 0.559706
vn 0.770595 0.304815 0.559706
vn 0.944994 0.324271 0.042819
vn 0.944995 0.324271 0.042819
vn 0.944994 0.324271 0.042819
vn 0.944995 0.324271 0.042819
vn 0.825385 0.338495 -0.451842
vn 0.825385 0.338495 -0.451842
vn 0.825385 0.338495 -0.451842
vn 0.825385 0.338495 -0.451842
vn 0.733500 0.319278 -0.600033
vn 0.733500 0.319278 -0.600033
vn 0.733500 0.319278 -0.600033
vn 0.733500 0.319278 -0.600033
vn 0.597784 0.412315 -0.687496
vn 0.597784 0.412315 -0.687496
vn 0.597784 0.412315 -0.687496
vn 0.597784 0.412315 -0.687496
vn 0.564858 0.372536 -0.736310
vn 0.564858 0.372536 -0.736310
vn 0.564858 0.372536 -0.736310
vn 0.564858 0.372536 -0.736310
vn 0.160453 0.476347 -0.864493
vn 0.160453 0.476347 -0.864493
vn 0.160453 0.476347 -0.864493
vn 0.160453 0.476347 -0.864493
vn 0.028615 0.509814 -0.859809
vn 0.028615 0.509814 -0.859809
vn 0.028615 0.509814 -0.859809
vn 0.028615 0.509814 -0.859809
vn -0.041839 0.435753 0.899093
vn -0.041839 0.435753 0.899093
vn -0.041839 0.435753 0.899093
vn -0.041839 0.435753 0.899093
vn -0.170819 0.498192 0.850074
vn -0.170819 0.498192 0.850074
vn -0.170819 0.498192 0.850074
vn -0.170819 0.498192 0.850074
vn -0.471408 0.790472 0.391060
vn -0.471408 0.790473 0.391059
vn -0.471408 0.790472 0.391060
vn -0.471408 0.790472 0.391059
vn -0.082452 0.721877 0.687092
vn -0.082452 0.721877 0.687092
vn -0.082452 0.721877 0.687092
vn -0.082452 0.721877 0.687092
vn 0.264111 0.525026 0.809069
vn 0.264111 0.525026 0.809069
vn 0.264111 0.525026 0.809069
vn 0.264111 0.525026 0.809069
vn 0.569625 0.392041 0.722379
vn 0.569625 0.392041 0.722379
vn 0.569625 0.392041 0.722379
vn 0.569625 0.392041 0.722379
vn 0.765913 0.385364 0.514657
vn 0.765913 0.385364 0.514657
vn 0.765913 0.385364 0.514657
vn 0.765913 0.385364 0.514657
vn 0.917448 0.393280 -0.060169
vn 0.917448 0.393280 -0.060169
vn 0.917448 0.393280 -0.060169
vn 0.917448 0.393280 -0.060169
vn 0.826942 0.335080 -0.451540
vn 0.826942 0.335080 -0.451540
vn 0.826942 0.335080 -0.451540
vn 0.826942 0.335080 -0.451540
vn 0.684937 0.362438 -0.632060
vn 0.684937 0.362438 -0.632060
vn 0.684937 0.362438 -0.632060
vn 0.684937 0.362438 -0.632060
vn 0.382334 0.515205 -0.767062
vn 0.382334 0.515205 -0.767062
vn 0.382334 0.515205 -0.767062
vn 0.382334 0.515205 -0.767062
vn -0.179148 0.625020 -0.759774
vn -0.179148 0.625020 -0.759774
vn -0.179148 0.625020 -0.759774
vn -0.179148 0.625020 -0.759774
vn -0.635933 0.767069 0.084814
vn -0.635933 0.767069 0.084814
vn -0.635933 0.767069 0.084814
vn -0.635933 0.767069 0.084814
vn -0.640117 0.614511 0.461114
vn -0.640117 0.614512 0.461114
vn -0.640117 0.614512 0.461114
vn -0.640117 0.614511 0.461114
vn -0.507356 0.646945 0.569255
vn -0.507356 0.646945 0.569255
vn -0.507356 0.646945 0.569255
vn -0.507356 0.646945 0.569255
vn -0.558903 0.776918 -0.289872
vn -0.558903 0.776918 -0.289872
vn -0.558903 0.776918 -0.289873
vn -0.558903 0.776918 -0.289873
vn -0.430083 0.842547 0.324259
vn -0.430083 0.842547 0.324259
vn -0.479140 0.852529 0.208850
vn -0.483141 0.852764 0.198415
vn -0.280925 0.767616 0.576061
vn -0.280925 0.767616 0.576061
vn -0.280925 0.767616 0.576061
vn -0.280925 0.767616 0.576061
vn -0.107254 0.624391 0.773714
vn -0.107254 0.624391 0.773714
vn -0.107254 0.624391 0.773714
vn -0.107254 0.624391 0.773714
vn -0.128095 0.550619 0.824870
vn -0.128095 0.550619 0.824870
vn -0.128095 0.550619 0.824870
vn -0.128095 0.550619 0.824870
vn -0.419642 0.559739 0.714558
vn -0.419642 0.559739 0.714558
vn -0.419642 0.559739 0.714558
vn -0.419642 0.559739 0.714558
vn -0.529238 0.476374 0.702121
vn -0.529238 0.476375 0.702121
vn -0.529238 0.476375 0.702121
vn -0.529238 0.476375 0.702121
vn 0.451236 0.395466 0.799996
vn 0.451236 0.395466 0.799996
vn 0.121114 0.465063 0.876954
vn 0.108675 0.466565 0.877786
vn 0.410980 0.421947 0.808119
vn 0.410980 0.421947 0.808119
vn 0.410980 0.421947 0.808119
vn 0.410980 0.421947 0.808119
vn 0.209499 0.886793 0.411957
vn 0.209499 0.886793 0.411957
vn 0.089974 0.834019 0.544349
vn 0.125215 0.852430 0.507626
vn 0.379208 0.869932 0.315309
vn 0.379208 0.869932 0.315309
vn 0.379208 0.869932 0.315309
vn 0.379208 0.869932 0.315309
vn 0.011535 0.979360 0.201794
vn 0.011535 0.979360 0.201794
vn 0.011535 0.979360 0.201794
vn 0.011535 0.979360 0.201794
vn -0.539846 0.814393 0.212908
vn -0.527044 0.811944 0.250940
vn -0.477029 0.793727 0.377413
vn -0.477029 0.793727 0.377413
vn -0.426980 0.589960 -0.685300
vn -0.426980 0.589960 -0.685300
vn -0.426980 0.589960 -0.685300
vn -0.426980 0.589960 -0.685300
vn -0.280676 0.441177 -0.852399
vn -0.280676 0.441177 -0.852399
vn -0.280676 0.441177 -0.852399
vn -0.280676 0.441177 -0.852399
vn -0.284096 0.395370 -0.873483
vn -0.284096 0.395370 -0.873483
vn -0.284096 0.395370 -0.873483
vn -0.284096 0.395370 -0.873483
vn -0.596756 0.438966 -0.671707
vn -0.596756 0.438966 -0.671707
vn -0.596756 0.438966 -0.671707
vn -0.596756 0.438966 -0.671707
vn -0.605266 0.429073 -0.670485
vn -0.605266 0.429073 -0.670485
vn -0.635595 0.427271 -0.643008
vn -0.650185 0.426117 -0.629034
vn -0.240740 0.667826 -0.704310
vn -0.151721 0.524121 -0.838020
vn -0.286342 0.600913 -0.746265
vn -0.369879 0.736965 -0.565749
vn -0.596204 0.392142 -0.700547
vn -0.554391 0.469845 -0.686948
vn -0.544295 0.486942 -0.683103
vn -0.596204 0.392142 -0.700547
vn -0.329963 0.371015 -0.868028
vn -0.326304 0.419769 -0.846947
vn -0.322648 0.458518 -0.828045
vn -0.329963 0.371015 -0.868028
vn -0.407396 0.445615 -0.797155
vn -0.449201 0.482712 -0.751803
vn -0.478201 0.508171 -0.716300
vn -0.407396 0.445615 -0.797155
vn -0.557245 0.609506 -0.563897
vn -0.607901 0.627395 -0.486653
vn -0.648230 0.638593 -0.414726
vn -0.557245 0.609506 -0.563897
vn -0.683878 0.729029 -0.028760
vn -0.698527 0.715380 0.017087
vn -0.669187 0.739782 -0.070079
vn -0.669187 0.739782 -0.070079
vn -0.506083 0.697596 0.507189
vn -0.525403 0.662825 0.533492
vn -0.580094 0.690723 0.431733
vn -0.556367 0.729879 0.397156
vn -0.405433 0.623798 0.668207
vn -0.434900 0.588434 0.681621
vn -0.423176 0.602811 0.676418
vn -0.405433 0.623798 0.668207
vn -0.338044 0.512540 0.789322
vn -0.329796 0.517960 0.789273
vn -0.290540 0.542796 0.788009
vn -0.290540 0.542796 0.788009
vn -0.302351 0.446696 0.842049
vn -0.287532 0.455231 0.842668
vn -0.269522 0.465362 0.843087
vn -0.269522 0.465362 0.843087
vn -0.451514 0.482350 0.750649
vn -0.452775 0.470099 0.757629
vn -0.452422 0.473630 0.755639
vn -0.451514 0.482350 0.750649
vn -0.653064 0.478828 0.586711
vn -0.633594 0.456250 0.624816
vn -0.626758 0.448468 0.637221
vn -0.626758 0.448468 0.637221
vn 0.538681 0.496581 0.680610
vn 0.133249 0.591197 0.795444
vn 0.152794 0.526274 0.836475
vn 0.546414 0.432318 0.717309
vn 0.104106 0.613683 -0.782659
vn 0.081621 0.548943 -0.831865
vn 0.090314 0.574235 -0.813694
vn 0.104106 0.613683 -0.782659
vn 0.300293 0.586283 -0.752394
vn 0.271793 0.586087 -0.763303
vn 0.235812 0.585074 -0.775939
vn 0.235812 0.585074 -0.775939
vn 0.148404 0.661235 -0.735354
vn 0.158434 0.611005 -0.775610
vn 0.276720 0.670743 -0.688135
vn 0.246934 0.686985 -0.683429
vn 0.792212 0.607386 -0.059006
vn 0.726662 0.664498 -0.174369
vn 0.649380 0.707260 -0.279443
vn 0.740460 0.670484 -0.046572
vn 0.353704 0.658804 0.663981
vn 0.348127 0.660875 0.664870
vn 0.430931 0.627078 0.648901
vn 0.430931 0.627078 0.648901
vn 0.491571 0.677306 0.547371
vn 0.491571 0.677306 0.547371
vn 0.491571 0.677306 0.547371
vn 0.491571 0.677306 0.547371
vn 0.698832 0.674978 -0.236725
vn 0.748870 0.661722 -0.036302
vn 0.748334 0.662148 -0.039449
vn 0.698832 0.674978 -0.236725
vn 0.314839 0.663158 -0.679042
vn 0.312601 0.663063 -0.680168
vn 0.227025 0.656451 -0.719397
vn 0.227025 0.656451 -0.719397
vn 0.121621 0.614856 -0.779205
vn 0.121621 0.614856 -0.779205
vn 0.121621 0.614856 -0.779205
vn 0.121621 0.614856 -0.779205
vn -0.003630 0.460342 -0.887734
vn -0.003630 0.460342 -0.887734
vn -0.003630 0.460342 -0.887734
vn -0.003630 0.460342 -0.887734
vn 0.285916 0.937212 0.199712
vn 0.285916 0.937213 0.199712
vn 0.285916 0.937213 0.199712
vn 0.285916 0.937212 0.199712
vn -0.029485 0.997229 0.068306
vn -0.022200 0.996372 0.082158
vn 0.031366 0.982597 0.183082
vn 0.031366 0.982597 0.183082
vn 0.041764 0.988906 -0.142549
vn 0.045917 0.997294 -0.057421
vn 0.050413 0.997746 0.044282
vn 0.050413 0.997746 0.044282
vn -0.141715 0.989855 0.010222
vn -0.141715 0.989855 0.010222
vn -0.141715 0.989855 0.010222
vn -0.141715 0.989855 0.010222
vn -0.003041 0.992950 -0.118495
vn -0.003041 0.992950 -0.118495
vn -0.003041 0.992950 -0.118495
vn -0.003041 0.992950 -0.118495
vn 0.444138 0.654222 0.612157
vn 0.444138 0.654222 0.612156
vn 0.444138 0.654222 0.612157
vn 0.444138 0.654222 0.612157
vn -0.242739 0.545620 0.802108
vn -0.242739 0.545620 0.802108
vn -0.242739 0.545620 0.802108
vn -0.242739 0.545620 0.802108
vn -0.698675 0.515976 0.495602
vn -0.698675 0.515976 0.495602
vn -0.698675 0.515976 0.495602
vn -0.698675 0.515976 0.495602
vn -0.867562 0.488299 0.094336
vn -0.867563 0.488299 0.094336
vn -0.867562 0.488299 0.094336
vn -0.867562 0.488299 0.094336
vn -0.805714 0.476208 -0.352209
vn -0.805714 0.476208 -0.352209
vn -0.805714 0.476208 -0.352209
vn -0.805714 0.476208 -0.352209
vn -0.412473 0.562408 -0.716633
vn -0.412473 0.562408 -0.716633
vn -0.412473 0.562408 -0.716633
vn -0.412473 0.562408 -0.716633
vn -0.054113 0.748388 0.661050
vn -0.054113 0.748388 0.661050
vn -0.054113 0.748388 0.661050
vn -0.054113 0.748388 0.661050
vn -0.022349 0.999685 -0.011459
vn -0.022349 0.999685 -0.011459
vn -0.022349 0.999684 -0.011459
vn -0.022349 0.999684 -0.011459
vn -0.706269 0.706226 -0.049296
vn -0.706269 0.706226 -0.049296
vn -0.706269 0.706226 -0.049296
vn -0.706269 0.706226 -0.049296
vn -0.233237 0.944187 -0.232617
vn -0.222215 0.943967 -0.244020
vn -0.164846 0.939108 -0.301500
vn -0.164846 0.939108 -0.301500
vn -0.484635 0.605247 -0.631510
vn -0.484635 0.605247 -0.631510
vn -0.484635 0.605247 -0.631510
vn -0.484635 0.605247 -0.631510
vn -0.563989 0.568969 -0.598490
vn -0.563989 0.568969 -0.598490
vn -0.563989 0.568969 -0.598490
vn -0.563989 0.568969 -0.598490
vn -0.604484 0.615103 -0.506208
vn -0.604484 0.615103 -0.506208
vn -0.604484 0.615103 -0.506208
vn -0.604484 0.615103 -0.506208
vn -0.669932 0.690783 -0.272047
vn -0.673174 0.669205 -0.314646
vn -0.672660 0.673560 -0.306343
vn -0.669932 0.690783 -0.272047
vn -0.656492 0.724343 -0.210585
vn -0.658914 0.716617 -0.228677
vn -0.658874 0.716755 -0.228360
vn -0.656492 0.724343 -0.210585
vn -0.525606 0.765049 -0.372073
vn -0.525606 0.765049 -0.372074
vn -0.525606 0.765049 -0.372073
vn -0.525606 0.765049 -0.372073
vn -0.137146 0.986175 -0.093003
vn -0.137146 0.986175 -0.093003
vn -0.137146 0.986175 -0.093003
vn -0.663400 0.698287 -0.268880
vn -0.663400 0.698287 -0.268880
vn -0.674853 0.646621 -0.355606
vn -0.674853 0.646621 -0.355606
vn -0.650628 0.637298 -0.412960
vn -0.650627 0.637298 -0.412960
vn -0.650628 0.637298 -0.412960
vn -0.650628 0.637298 -0.412960
vn -0.605581 0.689436 -0.397428
vn -0.605581 0.689437 -0.397428
vn -0.605581 0.689437 -0.397428
vn -0.605581 0.689437 -0.397428
vn -0.335051 0.763532 -0.552051
vn -0.335051 0.763532 -0.552051
vn -0.335051 0.763532 -0.552051
vn -0.335051 0.763532 -0.552051
vn 0.014838 0.822621 -0.568397
vn 0.014838 0.822621 -0.568397
vn 0.014838 0.822621 -0.568397
vn 0.014838 0.822621 -0.568397
vn 0.313730 0.784678 -0.534654
vn 0.313730 0.784678 -0.534654
vn 0.313730 0.784678 -0.534654
vn 0.313730 0.784678 -0.534654
vn 0.473998 0.696952 -0.538130
vn 0.473998 0.696952 -0.538130
vn 0.473998 0.696952 -0.538130
vn 0.473998 0.696952 -0.538130
vn 0.700589 0.690852 -0.178602
vn 0.700589 0.690852 -0.178602
vn 0.700589 0.690852 -0.178603
vn 0.700589 0.690852 -0.178602
vn -0.543664 0.835701 -0.077672
vn -0.543664 0.835701 -0.077672
vn -0.543664 0.835701 -0.077672
vn -0.543664 0.835701 -0.077672
vn -0.329709 0.940244 0.085046
vn -0.329709 0.940244 0.085046
vn -0.329709 0.940244 0.085046
vn -0.329709 0.940244 0.085046
vn -0.008890 0.942643 0.333684
vn -0.008890 0.942643 0.333684
vn -0.008890 0.942643 0.333684
vn -0.008890 0.942643 0.333684
vn 0.554125 0.762381 0.334245
vn 0.554125 0.762381 0.334245
vn 0.554125 0.762381 0.334245
vn 0.554125 0.762381 0.334245
vn 0.315339 0.819083 0.479233
vn 0.315339 0.819083 0.479233
vn 0.315339 0.819083 0.479233
vn 0.315339 0.819083 0.479233
vn -0.187497 0.965784 -0.179182
vn -0.187497 0.965784 -0.179182
vn -0.187497 0.965784 -0.179182
vn -0.187497 0.965784 -0.179182
vn -0.459863 0.843506 -0.277532
vn -0.459863 0.843506 -0.277532
vn -0.459863 0.843506 -0.277532
vn -0.459863 0.843506 -0.277532
vn -0.538757 0.793594 -0.282755
vn -0.538757 0.793594 -0.282755
vn -0.538757 0.793594 -0.282755
vn -0.538757 0.793594 -0.282755
vn 0.154894 0.987896 -0.008327
vn 0.154894 0.987896 -0.008327
vn 0.154894 0.987896 -0.008327
vn 0.154894 0.987896 -0.008327
vn 0.132795 0.990363 -0.039337
vn 0.132795 0.990363 -0.039337
vn 0.132795 0.990363 -0.039337
vn 0.132795 0.990363 -0.039337
vn -0.340159 0.877901 -0.337020
vn -0.340159 0.877901 -0.337020
vn -0.340159 0.877901 -0.337020
vn -0.340159 0.877901 -0.337020
vn -0.281717 0.942270 -0.181005
vn -0.281717 0.942270 -0.181005
vn -0.575558 0.813193 0.086314
vn -0.575558 0.813193 0.086314
vn -0.333223 0.889340 0.313109
vn -0.333223 0.889340 0.313109
vn -0.151525 0.848944 -0.506294
vn -0.151525 0.848944 -0.506295
vn -0.151525 0.848944 -0.506295
vn -0.151525 0.848944 -0.506295
vn 0.083152 0.966212 -0.243966
vn 0.083152 0.966212 -0.243966
vn 0.083152 0.966212 -0.243966
vn 0.083152 0.966212 -0.243966
vn -0.079037 0.996513 -0.026741
vn -0.079037 0.996513 -0.026741
vn 0.766696 0.622930 0.155355
vn 0.766696 0.622930 0.155355
vn 0.837461 0.540646 0.079750
vn 0.785986 0.579972 0.214148
vn 0.456545 0.499506 0.736248
vn 0.456545 0.499506 0.736248
vn 0.464735 0.507704 0.725436
vn 0.479567 0.522524 0.704972
vn 0.442863 0.504799 0.740980
vn 0.420356 0.540771 0.728607
vn 0.381530 0.597665 0.705147
vn 0.381530 0.597664 0.705147
vn -0.389643 0.822799 -0.413738
vn -0.391919 0.823418 -0.410345
vn -0.223509 0.749808 -0.622762
vn -0.223509 0.749808 -0.622762
vn -0.619578 0.772689 -0.138114
vn -0.619578 0.772689 -0.138114
vn -0.619578 0.772689 -0.138114
vn -0.619578 0.772689 -0.138114
vn -0.523228 0.795996 -0.304341
vn -0.523228 0.795996 -0.304341
vn -0.523228 0.795995 -0.304340
vn -0.523228 0.795996 -0.304341
vn -0.094411 0.857970 -0.504949
vn -0.094411 0.857970 -0.504949
vn -0.094411 0.857970 -0.504949
vn -0.094411 0.857970 -0.504949
vn 0.321541 0.841004 -0.435114
vn 0.321541 0.841004 -0.435114
vn 0.321541 0.841004 -0.435114
vn 0.321541 0.841004 -0.435114
vn 0.239286 0.904999 -0.351738
vn 0.131509 0.914654 -0.382248
vn -0.012274 0.909779 -0.414911
vn -0.012274 0.909779 -0.414911
vn 0.303769 0.842854 -0.444208
vn 0.303769 0.842854 -0.444208
vn 0.303769 0.842854 -0.444208
vn 0.303769 0.842854 -0.444208
vn 0.430871 0.885313 -0.174848
vn 0.430871 0.885312 -0.174848
vn 0.430871 0.885312 -0.174848
vn 0.430871 0.885312 -0.174848
vn 0.452588 0.841372 -0.295394
vn 0.452588 0.841372 -0.295394
vn 0.452588 0.841372 -0.295394
vn 0.452588 0.841372 -0.295394
vn 0.288517 0.915954 0.278903
vn 0.288517 0.915953 0.278903
vn 0.288517 0.915954 0.278903
vn 0.288517 0.915954 0.278903
vn 0.416233 0.890487 0.183805
vn 0.416233 0.890486 0.183805
vn 0.416233 0.890487 0.183805
vn 0.416233 0.890486 0.183805
vn 0.403286 0.905604 0.131309
vn 0.403286 0.905604 0.131309
vn 0.403286 0.905604 0.131309
vn 0.403286 0.905604 0.131309
vn 0.449529 0.890239 -0.073472
vn 0.449529 0.890239 -0.073472
vn 0.449529 0.890239 -0.073472
vn 0.449529 0.890239 -0.073472
vn 0.385346 0.922458 0.024076
vn 0.385346 0.922458 0.024076
vn 0.385346 0.922458 0.024076
vn 0.385346 0.922458 0.024076
vn 0.151882 0.978432 0.140007
vn 0.151882 0.978432 0.140007
vn 0.151882 0.978432 0.140007
vn 0.151882 0.978432 0.140007
vn -0.258544 0.893935 -0.366108
vn 0.006672 0.993228 -0.115990
vn -0.032193 0.999432 -0.009925
vn -0.382443 0.889242 -0.250970
vn -0.005343 0.957531 -0.288281
vn 0.062733 0.953315 -0.295388
vn -0.214865 0.942003 -0.257806
vn -0.214865 0.942003 -0.257806
vn 0.405474 0.914087 -0.005929
vn 0.405759 0.913976 -0.002860
vn 0.413833 0.902792 0.117084
vn 0.413833 0.902792 0.117084
vn 0.068295 0.995446 -0.066513
vn -0.003068 0.982303 -0.187272
vn -0.010318 0.979877 -0.199337
vn 0.068295 0.995446 -0.066513
vn -0.318970 0.937277 -0.140605
vn -0.325650 0.934635 -0.142863
vn -0.226976 0.967744 -0.109329
vn -0.226976 0.967744 -0.109330
vn -0.594110 0.794512 -0.125632
vn -0.568465 0.813614 -0.121981
vn -0.529121 0.840539 -0.116301
vn -0.529121 0.840538 -0.116301
vn 0.024468 0.770268 -0.637250
vn -0.220957 0.839210 -0.496895
vn -0.285005 0.817582 -0.500332
vn -0.028124 0.751486 -0.659149
vn -0.116402 0.610090 -0.783735
vn -0.113891 0.610338 -0.783911
vn -0.010759 0.617132 -0.786786
vn -0.010759 0.617132 -0.786786
vn -0.577608 0.682866 -0.447284
vn -0.646208 0.635937 -0.421900
vn -0.648747 0.634037 -0.420861
vn -0.577608 0.682866 -0.447284
vn -0.807852 0.579991 0.104809
vn -0.807210 0.580852 0.104990
vn -0.773451 0.623522 0.113990
vn -0.773451 0.623522 0.113990
vn -0.685888 0.564869 0.458782
vn -0.665279 0.580178 0.469891
vn -0.642897 0.595887 0.481250
vn -0.642897 0.595887 0.481250
vn -0.100027 0.625717 0.773611
vn -0.091284 0.626501 0.774056
vn -0.017784 0.631170 0.775440
vn -0.017784 0.631170 0.775440
vn 0.717417 0.448685 0.532912
vn 0.717417 0.448685 0.532912
vn 0.681240 0.429389 0.592906
vn 0.684529 0.431158 0.587812
vn 0.452940 0.841121 -0.295570
vn 0.650642 0.716341 -0.252034
vn 0.523106 0.833081 -0.179825
vn 0.046604 0.984270 -0.170414
vn 0.381105 0.924516 -0.005479
vn 0.381105 0.924515 -0.005479
vn 0.381105 0.924515 -0.005479
vn 0.381105 0.924515 -0.005479
vn 0.156598 0.982065 0.105000
vn 0.156598 0.982065 0.105000
vn 0.156598 0.982065 0.105000
vn 0.156598 0.982065 0.105000
vn 0.704736 0.703248 -0.093755
vn 0.826625 0.530728 -0.187134
vn 0.490108 0.779673 -0.389748
vn 0.490108 0.779673 -0.389748
vn 0.490108 0.779673 -0.389748
vn 0.490108 0.779673 -0.389748
vn 0.414178 0.821650 0.391596
vn 0.414178 0.821651 0.391596
vn 0.414178 0.821650 0.391596
vn 0.414178 0.821650 0.391596
vn 0.350420 0.893698 -0.280194
vn 0.350420 0.893698 -0.280194
vn 0.350420 0.893698 -0.280194
vn 0.350420 0.893698 -0.280194
vn 0.092147 0.960345 0.263148
vn 0.092147 0.960345 0.263148
vn 0.002978 0.989695 0.143157
vn -0.014349 0.992734 0.119467
vn 0.394567 0.830851 0.392432
vn 0.578847 0.760852 0.293327
vn 0.643204 0.723475 0.250744
vn 0.394567 0.830851 0.392432
vn 0.250295 0.946029 -0.205870
vn 0.281272 0.940083 -0.192692
vn 0.411944 0.901472 -0.132856
vn 0.411944 0.901472 -0.132856
vn 0.552354 0.833436 -0.017038
vn 0.189352 0.973881 0.125305
vn 0.138563 0.879088 0.456075
vn 0.567432 0.742662 0.355633
vn -0.486265 0.532277 0.692984
vn -0.647568 0.662714 0.376120
vn -0.529570 0.569079 0.629050
vn -0.486265 0.532277 0.692984
vn 0.847726 0.521182 -0.098637
vn 0.843923 0.521123 -0.127378
vn 0.854839 0.518748 -0.012276
vn 0.854839 0.518748 -0.012276
vn 0.079363 0.978743 -0.189111
vn 0.509817 0.853241 -0.109843
vn 0.432029 0.892788 -0.127597
vn 0.079363 0.978743 -0.189111
vn -0.384284 0.654955 0.650661
vn -0.386159 0.640848 0.663472
vn -0.397478 0.449691 0.799869
vn -0.397478 0.449691 0.799869
vn -0.487577 0.624567 0.610070
vn -0.467487 0.588532 0.659610
vn -0.388191 0.453603 0.802217
vn -0.388191 0.453603 0.802217
vn -0.471904 0.600903 0.645152
vn -0.473893 0.651999 0.591880
vn -0.461875 0.501005 0.731892
vn -0.461875 0.501005 0.731892
vn -0.608699 0.642274 0.465799
vn -0.566010 0.611620 0.552769
vn -0.513180 0.571293 0.640524
vn -0.513180 0.571293 0.640524
vn -0.457705 0.889097 -0.003573
vn -0.457705 0.889097 -0.003573
vn -0.457705 0.889097 -0.003573
vn -0.457705 0.889097 -0.003573
vn 0.225223 0.966359 0.124198
vn 0.269221 0.959678 0.080863
vn 0.145468 0.969043 0.199488
vn 0.145468 0.969043 0.199488
vn 0.440508 0.894245 0.079237
vn 0.440508 0.894245 0.079237
vn 0.440508 0.894245 0.079237
vn 0.440508 0.894245 0.079237
vn 0.237697 0.969624 0.057706
vn 0.237697 0.969624 0.057706
vn 0.237697 0.969624 0.057706
vn 0.237697 0.969624 0.057706
vn -0.071943 0.993575 -0.087363
vn -0.071943 0.993575 -0.087363
vn -0.071943 0.993575 -0.087363
vn -0.071943 0.993575 -0.087363
vn -0.400639 0.911705 -0.091007
vn -0.400639 0.911705 -0.091007
vn -0.400639 0.911705 -0.091007
vn -0.400639 0.911705 -0.091007
vn -0.417938 0.905897 0.068399
vn -0.417938 0.905897 0.068399
vn -0.417938 0.905897 0.068399
vn -0.417938 0.905897 0.068399
vn -0.474843 0.879234 0.038357
vn -0.474843 0.879234 0.038357
vn -0.474843 0.879234 0.038357
vn -0.474843 0.879234 0.038357
vn -0.160758 0.960260 0.228163
vn -0.160758 0.960260 0.228163
vn -0.160758 0.960260 0.228163
vn -0.160758 0.960260 0.228163
vn 0.214402 0.733130 0.645409
vn 0.214402 0.733130 0.645409
vn 0.214402 0.733130 0.645409
vn 0.214402 0.733130 0.645409
vn 0.245496 0.950711 0.189422
vn 0.245496 0.950711 0.189422
vn 0.245496 0.950711 0.189422
vn 0.245496 0.950711 0.189422
vn 0.234368 0.965088 0.116945
vn 0.234368 0.965088 0.116945
vn 0.234368 0.965088 0.116945
vn 0.234368 0.965088 0.116945
vn -0.280789 0.956263 0.081970
vn -0.280789 0.956263 0.081970
vn -0.280789 0.956263 0.081970
vn -0.280789 0.956263 0.081970
vn -0.073841 0.935733 -0.344892
vn -0.073841 0.935733 -0.344892
vn -0.073841 0.935733 -0.344892
vn -0.073841 0.935733 -0.344892
vn 0.481000 0.872790 0.082930
vn 0.481000 0.872790 0.082930
vn 0.481000 0.872790 0.082930
vn 0.481000 0.872790 0.082930
vn 0.526605 0.821850 0.217370
vn 0.526605 0.821850 0.217370
vn 0.526605 0.821850 0.217370
vn 0.526605 0.821850 0.217370
vn 0.167642 0.985277 0.033536
vn 0.167642 0.985277 0.033536
vn 0.167642 0.985277 0.033536
vn 0.167642 0.985277 0.033536
vn 0.735086 0.653691 0.179825
vn 0.735086 0.653691 0.179825
vn 0.498746 0.403836 0.766922
vn 0.498746 0.403836 0.766922
vn 0.488085 0.531018 0.692671
vn 0.488085 0.531018 0.692671
vn 0.529977 0.547941 0.647214
vn 0.113921 0.637459 0.762016
vn -0.660752 0.487937 0.570372
vn -0.660752 0.487937 0.570372
vn -0.453607 0.461428 0.762447
vn -0.453607 0.461428 0.762447
vn -0.317385 0.437849 0.841163
vn -0.317385 0.437849 0.841163
vn -0.366764 0.493098 0.788884
vn -0.366764 0.493098 0.788884
vn -0.459396 0.557000 0.691886
vn -0.459396 0.557000 0.691886
vn -0.613973 0.663984 0.426804
vn -0.545589 0.622169 0.561461
vn -0.714382 0.695795 0.074346
vn -0.714382 0.695795 0.074346
vn -0.698478 0.646944 -0.305927
vn -0.698478 0.646944 -0.305928
vn -0.517779 0.542489 -0.661521
vn -0.517779 0.542489 -0.661521
vn -0.317117 0.506630 -0.801725
vn -0.317117 0.506630 -0.801725
vn -0.505131 0.548285 -0.666503
vn -0.505131 0.548285 -0.666503
vn -0.194286 0.444035 -0.874692
vn -0.107272 0.454598 -0.884214
vn 0.064318 0.497649 -0.864991
vn 0.064318 0.497649 -0.864991
vn 0.355217 0.585087 -0.729036
vn 0.355217 0.585088 -0.729036
vn 0.273973 0.638699 -0.719028
vn 0.165846 0.569708 -0.804940
vn 0.841988 0.538601 -0.031063
vn 0.869005 0.492369 -0.049029
vn 0.815025 0.579242 -0.014603
vn 0.290192 0.680739 0.672595
vn 0.290192 0.680739 0.672595
vn 0.018243 0.789545 0.613421
vn 0.018243 0.789545 0.613421
vn -0.096721 0.902743 0.419165
vn -0.096721 0.902743 0.419165
vn 0.468611 0.679891 0.564051
vn 0.468611 0.679891 0.564050
vn 0.484258 0.724942 0.489849
vn 0.484258 0.724942 0.489849
vn 0.673688 0.728996 0.121278
vn 0.661591 0.698785 0.272024
vn 0.672763 0.739666 0.016863
vn 0.530718 0.781844 -0.327199
vn 0.538441 0.777070 -0.325951
vn 0.501887 0.798861 -0.331558
vn 0.425789 0.889734 -0.164550
vn 0.425789 0.889734 -0.164550
vn 0.368451 0.929595 -0.009857
vn 0.368451 0.929595 -0.009857
vn 0.351092 0.918914 -0.179807
vn 0.351092 0.918914 -0.179807
vn 0.350920 0.897041 -0.268650
vn 0.350920 0.897041 -0.268650
vn 0.276705 0.897823 -0.342562
vn 0.276705 0.897823 -0.342562
vn 0.124836 0.912321 -0.389982
vn 0.199234 0.895123 -0.398824
vn 0.151725 0.747165 -0.647089
vn 0.151725 0.747165 -0.647089
vn -0.098246 0.728584 -0.677874
vn -0.098246 0.728584 -0.677874
vn -0.522511 0.748096 -0.409066
vn -0.522511 0.748096 -0.409066
vn -0.529139 0.827160 -0.189255
vn -0.529139 0.827160 -0.189255
vn -0.363153 0.885457 -0.289974
vn -0.307285 0.862031 -0.403087
vn -0.470428 0.733178 -0.491068
vn -0.470428 0.733178 -0.491068
vn -0.610580 0.736190 -0.291918
vn -0.610580 0.736190 -0.291918
vn -0.729114 0.676514 0.103550
vn -0.729114 0.676513 0.103549
vn -0.625902 0.625385 0.465984
vn -0.625902 0.625385 0.465984
vn -0.320488 0.806276 0.497199
vn -0.320488 0.806276 0.497199
vn -0.541263 0.772519 -0.332036
vn -0.541263 0.772519 -0.332036
vn -0.676447 0.423524 -0.602534
vn -0.676447 0.423524 -0.602534
vn -0.083512 0.497314 -0.863542
vn -0.110632 0.578246 -0.808327
vn -0.070620 0.457969 -0.886159
vn -0.096750 0.964733 0.244804
vn -0.077367 0.879105 0.470307
vn -0.133219 0.633726 0.762000
vn -0.133105 0.595038 0.792598
vn -0.132377 0.537123 0.833052
vn -0.079158 0.480164 0.873600
vn -0.079158 0.480163 0.873600
vn -0.140109 0.712395 0.687650
vn -0.140109 0.712396 0.687650
vn 0.718539 0.693590 -0.051316
vn 0.718539 0.693590 -0.051316
vn 0.828383 0.518345 -0.212369
vn 0.828383 0.518345 -0.212369
vn 0.459233 0.803723 -0.378331
vn 0.106094 0.966792 -0.232504
vn -0.115220 0.985370 -0.125580
vn -0.691507 0.691438 0.209120
vn -0.691507 0.691438 0.209120
vn -0.363763 0.760786 0.537477
vn -0.363763 0.760786 0.537477
vn -0.531897 0.709337 0.462522
vn -0.531897 0.709337 0.462522
vn -0.470375 0.740848 0.479471
vn -0.470375 0.740848 0.479471
vn -0.636560 0.660893 0.397506
vn -0.636560 0.660893 0.397506
vn -0.621343 0.708178 0.335286
vn -0.639921 0.677531 0.362564
vn -0.593173 0.748726 0.295897
vn -0.518332 0.849616 0.097385
vn -0.518332 0.849616 0.097385
vn -0.677278 0.735380 -0.022592
vn -0.677278 0.735380 -0.022592
vn 0.283386 0.868787 -0.406082
vn 0.297409 0.878803 -0.373166
vn 0.323831 0.894983 -0.306821
vn 0.345400 0.883549 -0.316291
vn 0.345400 0.883549 -0.316291
vn 0.145373 0.983085 0.111402
vn 0.171827 0.985108 0.006184
vn 0.302970 0.951856 0.046690
vn 0.302970 0.951856 0.046690
vn 0.255468 0.900379 0.352212
vn 0.255468 0.900379 0.352212
vn 0.255468 0.900379 0.352212
vn 0.255468 0.900379 0.352212
vn 0.383955 0.710387 -0.589855
vn 0.428938 0.715531 -0.551387
vn 0.345211 0.704144 -0.620493
vn 0.394527 0.663793 -0.635396
vn 0.394527 0.663793 -0.635396
vn 0.037349 0.973447 -0.225844
vn 0.037349 0.973447 -0.225844
vn -0.096043 0.995358 0.006128
vn -0.096043 0.995358 0.006128
vn 0.422041 0.743702 -0.518447
vn 0.422041 0.743703 -0.518447
vn 0.422041 0.743703 -0.518447
vn 0.422041 0.743703 -0.518447
vn -0.235855 0.938645 0.251633
vn -0.235855 0.938644 0.251633
vn -0.235855 0.938645 0.251633
vn -0.235855 0.938644 0.251633
vn 0.036673 0.923971 0.380701
vn 0.036673 0.923971 0.380701
vn 0.036673 0.923971 0.380701
vn 0.036673 0.923971 0.380701
vn 0.395078 0.881561 0.258388
vn 0.395077 0.881561 0.258388
vn 0.395078 0.881561 0.258388
vn 0.395078 0.881561 0.258388
vn 0.042171 0.967692 0.248584
vn 0.042171 0.967692 0.248584
vn 0.042171 0.967692 0.248584
vn 0.042171 0.967692 0.248584
vn 0.198314 0.977331 0.074133
vn 0.198314 0.977331 0.074133
vn 0.198314 0.977331 0.074133
vn 0.198314 0.977331 0.074133
vn -0.093228 0.942883 -0.319811
vn -0.093228 0.942884 -0.319811
vn -0.093228 0.942884 -0.319811
vn -0.093228 0.942884 -0.319811
vn -0.092533 0.902168 -0.421344
vn -0.092533 0.902168 -0.421344
vn -0.092533 0.902168 -0.421344
vn -0.092533 0.902168 -0.421344
vn 0.273613 0.961209 0.034827
vn 0.273613 0.961209 0.034827
vn 0.273613 0.961209 0.034827
vn 0.273613 0.961209 0.034827
vn -0.714451 0.580182 -0.391087
vn -0.714451 0.580182 -0.391087
vn -0.835500 0.540930 0.096615
vn -0.835500 0.540930 0.096615
vn -0.699998 0.553888 0.450790
vn -0.699998 0.553888 0.450790
vn -0.174283 0.617057 0.767376
vn -0.174283 0.617057 0.767376
vn 0.663622 0.419877 0.619120
vn 0.663622 0.419877 0.619119
vn 0.137210 0.988696 -0.060442
vn 0.584598 0.811122 -0.018025
vn -0.194532 0.977477 -0.081834
vn -0.661181 0.743640 -0.099194
vn -0.660836 0.747038 -0.072319
vn -0.549408 0.826768 -0.120856
vn -0.549408 0.826768 -0.120856
vn -0.418007 0.899479 -0.127311
vn -0.419691 0.896227 -0.143652
vn -0.420559 0.894352 -0.152528
vn 0.122834 0.945830 -0.300528
vn 0.122834 0.945830 -0.300527
vn 0.122834 0.945830 -0.300528
vn 0.024263 0.972871 -0.230074
vn -0.190166 0.886110 -0.422664
vn 0.188924 0.979734 -0.066554
vn 0.397452 0.914137 -0.079906
vn 0.397452 0.914137 -0.079906
vn -0.034614 0.970279 -0.239500
vn -0.034614 0.970279 -0.239501
vn -0.400187 0.900917 -0.167924
vn -0.400187 0.900917 -0.167924
vn -0.624936 0.769783 -0.129961
vn -0.624936 0.769783 -0.129961
vn -0.345866 0.804801 -0.482360
vn -0.661175 0.741825 -0.112001
vn -0.072286 0.733593 -0.675734
vn 0.004783 0.978026 -0.208426
vn 0.004783 0.978027 -0.208426
vn 0.004783 0.978026 -0.208426
vn 0.004783 0.978026 -0.208426
vn -0.216618 0.596885 -0.772531
vn -0.216618 0.596885 -0.772531
vn -0.052640 0.965213 -0.256113
vn -0.052640 0.965213 -0.256113
vn -0.052640 0.965213 -0.256113
vn -0.052640 0.965213 -0.256113
vn 0.203274 0.952875 -0.225187
vn 0.203274 0.952875 -0.225187
vn 0.261342 0.925899 -0.272786
vn 0.261342 0.925898 -0.272786
vn 0.261342 0.925899 -0.272786
vn 0.261342 0.925899 -0.272786
vn 0.180958 0.921745 -0.342988
vn 0.180958 0.921745 -0.342988
vn 0.180958 0.921745 -0.342988
vn 0.180958 0.921745 -0.342988
vn 0.027107 0.998526 -0.047022
vn 0.027107 0.998526 -0.047022
vn 0.027107 0.998526 -0.047022
vn -0.147998 0.855674 -0.495901
vn -0.147998 0.855674 -0.495901
vn -0.147998 0.855674 -0.495901
s 1
g polySurface4
usemtl initialShadingGroup
f 1/1/1 404/1361/2 405/1363/3 4/4/4
s 2
f 6/5/5 4/6/6 405/1364/7 406/1365/8
s 3
f 8/9/9 6/10/10 406/1366/11 407/1367/12
s 4
f 407/1368/13 443/1431/14 444/1432/15 8/16/16
s 5
f 12/17/17 10/18/18 408/1370/19 409/1371/20
s 6
f 409/1372/21 410/1373/22 14/23/23 12/24/24
s 7
f 410/1374/25 411/1375/26 16/27/27 14/28/28
s 8
f 411/1376/29 412/1377/30 18/31/31 16/32/32
s 9
f 20/33/33 467/1506/34 468/1508/35 413/1379/36
s 10
f 413/1380/37 414/1381/38 22/39/39 20/40/40
s 11
f 414/1382/41 415/1383/42 24/43/43 22/44/44
s 12
f 415/1384/45 416/1385/46 26/47/47 24/48/48
s 13
f 416/1386/49 417/1387/50 28/51/51 26/52/52
s 14
f 417/1388/53 418/1389/54 30/55/55 28/56/56
s 15
f 1/57/57 31/58/58 403/1359/59 404/1362/60
s 16
f 31/61/61 33/62/62 402/1357/63 403/1360/64
s 17
f 33/65/65 152/343/66 401/1356/67 402/1358/68
s 18
f 35/69/69 39/73/70 399/1353/71 400/1355/72
f 398/1351/73 399/1353/71 39/73/70 37/70/74
s 19
f 397/1349/75 398/1352/76 37/76/77 41/77/78
s 20
f 41/79/79 43/80/80 396/1347/81 397/1350/82
s off
f 45/83/83 44/84/84 396/1348/85 43/85/86
f 49/86/87 47/87/88 46/88/89 48/89/90
f 48/90/91 50/91/92 51/92/93 49/93/94
f 50/94/95 52/95/96 53/96/97 51/97/98
f 52/98/99 54/99/100 55/100/101 53/101/102
f 54/102/103 56/103/104 57/104/105 55/105/106
f 57/106/107 56/107/108 58/108/109 59/109/110
f 58/110/111 60/111/112 61/112/113 59/113/114
f 60/114/115 62/115/116 63/116/117 61/117/118
f 62/118/119 64/119/120 65/120/121 63/121/122
f 67/122/123 65/123/124 64/124/125 66/125/126
f 66/126/127 68/127/128 69/128/129 67/129/130
f 68/130/131 70/131/132 71/132/133 69/133/134
f 70/134/135 72/135/136 73/136/137 71/137/138
s 21
f 72/138/139 319/1024/140 320/1026/141 73/141/142
s off
f 74/142/143 76/143/144 77/144/145 75/145/146
f 79/146/147 77/147/148 76/148/149 78/149/150
f 79/150/151 78/151/152 80/152/153 81/153/154
s 22
f 80/154/155 78/155/156 394/1344/157 395/1346/158
s off
f 82/158/159 84/159/160 85/160/161 83/161/162
s 23
f 84/162/163 426/1403/164 427/1405/165 85/165/166
s off
f 86/166/167 88/167/168 89/168/169 87/169/170
f 88/170/171 90/171/172 91/172/173 89/173/174
f 90/174/175 92/175/176 93/176/177 91/177/178
f 95/178/179 93/179/180 92/180/181 94/181/182
f 94/182/183 96/183/184 97/184/185 95/185/186
s 24
f 96/186/187 440/1427/188 441/1429/189 97/189/190
s off
f 98/190/191 100/191/192 101/192/193 99/193/194
f 100/194/195 102/195/196 103/196/197 101/197/198
f 105/198/199 103/199/200 102/200/201 104/201/202
f 107/202/203 105/203/204 104/204/205 106/205/206
f 29/206/207 107/207/208 106/208/209 108/209/210
s 25
f 418/1390/211 419/1391/212 109/211/213 30/212/214
s off
f 111/214/215 110/215/216 33/216/217 31/217/218
f 113/218/219 112/219/220 110/220/221 111/221/222
s 26
f 113/222/223 147/334/224 148/335/225 112/225/226
s 27
f 110/226/227 151/341/228 152/344/229 33/229/230
s off
f 117/230/231 39/231/232 35/232/233 116/233/234
s 28
f 150/340/235 151/342/236 110/235/237 112/236/238
s off
f 116/238/239 118/239/240 119/240/241 117/241/242
f 117/242/243 119/243/244 120/244/245 121/245/246
f 39/246/247 117/247/248 121/248/249 37/249/250
f 123/250/251 122/251/252 121/252/253 120/253/254
f 121/254/255 122/255/256 41/256/257 37/257/258
f 123/258/259 124/259/260 125/260/261 122/261/262
f 43/262/263 41/263/264 122/264/265 125/265/266
f 45/266/267 43/267/268 125/268/269 126/269/270
f 126/270/271 125/271/272 124/272/273 127/273/274
f 114/274/275 128/275/276 129/276/277 115/277/278
f 128/278/279 130/279/280 131/280/281 129/281/282
f 130/282/283 132/283/284 133/284/285 131/285/286
f 127/286/287 134/287/288 135/288/289 126/289/290
f 132/290/291 135/291/292 134/292/293 133/293/294
f 137/294/295 136/295/296 127/296/297 124/297/298
f 138/298/299 137/299/300 124/300/301 123/301/302
f 123/302/303 120/303/304 139/304/305 138/305/306
f 120/306/307 119/307/308 140/308/309 139/309/310
f 141/310/311 140/311/312 119/312/313 118/313/314
f 142/314/315 134/315/316 127/316/317 136/317/318
f 133/318/319 134/319/320 142/320/321 143/321/322
f 131/322/323 133/323/324 143/324/325 144/325/326
f 129/326/327 131/327/328 144/328/329 145/329/330
f 115/330/331 129/331/332 145/332/333 146/333/334
s 26
f 148/335/225 147/334/224 114/223/335 115/224/336
s off
f 146/336/337 149/337/338 148/338/339 115/339/340
s 28
f 116/234/341 151/342/236 150/340/235 118/237/342
s 27
f 152/344/229 151/341/228 116/227/343 35/228/344
s 17
f 400/1354/345 401/1356/67 152/343/66 35/66/346
s off
f 154/346/347 141/347/348 118/348/349 150/349/350
f 150/350/351 112/351/352 155/352/353 154/353/354
f 149/354/355 155/355/356 112/356/357 148/357/358
f 155/358/359 156/359/360 157/360/361 154/361/362
f 149/362/363 158/363/364 156/364/365 155/365/366
f 159/366/367 158/367/368 149/368/369 146/369/370
f 159/370/371 146/371/372 145/372/373 160/373/374
f 160/374/375 145/375/376 144/376/377 161/377/378
f 157/378/379 162/379/380 141/380/381 154/381/382
f 164/382/383 138/383/384 139/384/385 163/385/386
f 165/386/387 163/387/388 139/388/389 140/389/390
f 165/390/391 140/391/392 141/392/393 162/393/394
f 164/394/395 166/395/396 137/396/397 138/397/398
f 166/398/399 167/399/400 136/400/401 137/401/402
f 167/402/403 168/403/404 142/404/405 136/405/406
f 143/406/407 169/407/408 161/408/409 144/409/410
f 169/410/411 143/411/412 142/412/413 168/413/414
f 171/414/415 161/415/416 169/416/417 170/417/418
f 168/418/419 172/419/420 170/420/421 169/421/422
f 168/422/423 167/423/424 173/424/425 172/425/426
f 161/426/427 171/427/428 174/428/429 160/429/430
f 175/430/431 159/431/432 160/432/433 174/433/434
f 176/434/435 158/435/436 159/436/437 175/437/438
f 156/438/439 158/439/440 176/440/441 177/441/442
f 177/442/443 178/443/444 157/444/445 156/445/446
f 178/446/447 179/447/448 162/448/449 157/449/450
f 179/450/451 180/451/452 165/452/453 162/453/454
f 163/454/455 165/455/456 180/456/457 181/457/458
f 181/458/459 182/459/460 164/460/461 163/461/462
f 182/462/463 183/463/464 166/464/465 164/465/466
f 173/466/467 167/467/468 166/468/469 183/469/470
f 185/470/471 184/471/472 171/472/473 170/473/474
f 186/474/475 174/475/476 171/476/477 184/477/478
f 170/478/479 172/479/480 187/480/481 185/481/482
f 172/482/483 173/483/484 188/484/485 187/485/486
f 183/486/487 189/487/488 188/488/489 173/489/490
f 190/490/491 189/491/492 183/492/493 182/493/494
f 191/494/495 190/495/496 182/496/497 181/497/498
f 181/498/499 180/499/500 192/500/501 191/501/502
f 180/502/503 179/503/504 193/504/505 192/505/506
f 194/506/507 193/507/508 179/508/509 178/509/510
f 195/510/511 194/511/512 178/512/513 177/513/514
f 196/514/515 195/515/516 177/516/517 176/517/518
f 197/518/519 196/519/520 176/520/521 175/521/522
f 197/522/523 175/523/524 174/524/525 186/525/526
f 194/526/527 187/527/528 188/528/529 193/529/530
f 187/530/531 194/531/532 195/532/533 185/533/534
f 196/534/535 184/535/536 185/536/537 195/537/538
f 189/538/539 192/539/540 193/540/541 188/541/542
f 197/542/543 186/543/544 184/544/545 196/545/546
f 190/546/547 191/547/548 192/548/549 189/549/550
f 60/550/551 58/551/552 198/552/553 199/553/554
f 56/554/555 200/555/556 198/556/557 58/557/558
f 201/558/559 200/559/560 56/560/561 54/561/562
f 202/562/563 201/563/564 54/564/565 52/565/566
f 128/566/567 114/567/568 203/568/569 204/569/570
f 206/570/571 205/571/572 204/572/573 203/573/574
f 207/574/575 111/575/576 31/576/577 1/577/578
f 62/578/579 60/579/580 199/580/581 208/581/582
f 209/582/583 64/583/584 62/584/585 208/585/586
f 209/586/587 210/587/588 66/588/589 64/589/590
f 212/590/591 211/591/592 210/592/593 209/593/594
f 208/594/595 213/595/596 212/596/597 209/597/598
f 208/598/599 199/599/600 214/600/601 213/601/602
f 214/602/603 199/603/604 198/604/605 215/605/606
f 216/606/607 215/607/608 198/608/609 200/609/610
f 217/610/611 216/611/612 200/612/613 201/613/614
f 218/614/615 217/615/616 201/616/617 202/617/618
f 219/618/619 202/619/620 52/620/621 50/621/622
f 220/622/623 218/623/624 202/624/625 219/625/626
f 221/626/627 219/627/628 50/628/629 48/629/630
f 222/630/631 220/631/632 219/632/633 221/633/634
f 68/634/635 66/635/636 210/636/637 223/637/638
f 223/638/639 210/639/640 211/640/641 224/641/642
f 224/642/643 211/643/644 225/644/645 226/645/646
f 225/646/647 211/647/648 212/648/649 227/649/650
f 213/650/651 228/651/652 227/652/653 212/653/654
f 228/654/655 213/655/656 214/656/657 229/657/658
f 215/658/659 230/659/660 229/660/661 214/661/662
f 230/662/663 215/663/664 216/664/665 231/665/666
f 217/666/667 232/667/668 231/668/669 216/669/670
f 218/670/671 233/671/672 232/672/673 217/673/674
f 234/674/675 233/675/676 218/676/677 220/677/678
f 235/678/679 234/679/680 220/680/681 222/681/682
f 226/682/683 236/683/684 237/684/685 224/685/686
f 238/686/687 223/687/688 224/688/689 237/689/690
f 223/690/691 238/691/692 70/692/693 68/693/694
f 98/694/695 239/695/696 240/696/697 100/697/698
s 29
f 96/698/699 241/699/700 439/1425/701 440/1428/702
s off
f 94/702/703 242/703/704 241/704/705 96/705/706
f 92/706/707 243/707/708 242/708/709 94/709/710
f 243/710/711 92/711/712 90/712/713 244/713/714
f 88/714/715 245/715/716 244/716/717 90/717/718
f 246/718/719 245/719/720 88/720/721 86/721/722
s 30
f 84/722/723 247/723/724 425/1401/725 426/1404/726
s off
f 247/726/727 84/727/728 82/728/729 248/729/730
s 31
f 78/730/731 249/731/732 393/1342/733 394/1345/734
s off
f 76/734/735 250/735/736 249/736/737 78/737/738
f 74/738/739 251/739/740 250/740/741 76/741/742
s 32
f 318/1022/743 319/1025/744 72/744/745 252/745/746
s off
f 253/746/747 102/747/748 100/748/749 240/749/750
f 254/750/751 104/751/752 102/752/753 253/753/754
f 255/754/755 106/755/756 104/756/757 254/757/758
f 256/758/759 108/759/760 106/760/761 255/761/762
s 33
f 257/762/763 109/763/764 419/1392/765 420/1393/766
s 34
f 420/1394/767 421/1395/768 387/1331/769 257/767/770
s 35
f 255/770/771 385/1327/772 386/1330/773 256/773/774
s 36
f 254/774/775 384/1325/776 385/1328/777 255/777/778
s 37
f 253/778/779 383/1323/780 384/1326/781 254/781/782
s 38
f 240/782/783 382/1321/784 383/1324/785 253/785/786
s 39
f 381/1319/787 382/1322/788 240/787/789 239/788/790
s 40
f 241/790/791 380/1317/792 438/1424/793 439/1426/794
s 41
f 242/794/795 379/1315/796 380/1318/797 241/797/798
s 42
f 378/1313/799 379/1316/800 242/799/801 243/800/802
s 43
f 377/1311/803 378/1314/804 243/803/805 244/804/806
s 44
f 245/806/807 376/1309/808 377/1312/809 244/809/810
s 45
f 375/1307/811 376/1310/812 245/812/813 246/813/814
s 46
f 374/1305/815 424/1400/816 425/1402/817 247/817/818
s 47
f 257/818/819 387/1332/820 388/1333/821 273/821/822
s 48
f 388/1334/823 389/1335/824 274/823/825 273/824/826
s 49
f 274/826/827 389/1336/828 449/1445/829 450/1446/830
s 50
f 391/1339/831 392/1340/832 278/831/833 323/1038/834
s 51
f 392/1341/835 393/1343/836 249/836/837 278/837/838
s off
f 250/838/839 280/839/840 278/840/841 249/841/842
s 52
f 280/842/843 322/1036/844 323/1039/845 278/845/846
s 53
f 450/1447/847 451/1448/848 282/847/849 274/848/850
s off
f 273/850/851 274/851/852 282/852/853 283/853/854
f 257/854/855 273/855/856 283/856/857 109/857/858
f 280/858/859 250/859/860 251/860/861 284/861/862
s 54
f 321/1035/863 322/1037/864 280/863/865 284/864/866
s 55
f 451/1449/867 452/1450/868 286/867/869 282/868/870
s off
f 283/870/871 282/871/872 286/872/873 287/873/874
f 287/874/875 30/875/876 109/876/877 283/877/878
f 289/878/879 288/879/880 30/880/881 287/881/882
f 288/882/883 290/883/884 28/884/885 30/885/886
f 291/886/887 26/887/888 28/888/889 290/889/890
f 292/890/891 24/891/892 26/892/893 291/893/894
f 292/894/895 293/895/896 22/896/897 24/897/898
f 20/898/899 22/899/900 293/900/901 294/901/902
f 72/902/903 70/903/904 238/904/905 252/905/906
f 296/906/907 295/907/908 252/908/909 238/909/910
f 237/910/911 236/911/912 296/912/913 238/913/914
s 56
f 317/1021/915 318/1023/916 252/916/917 295/917/918
s off
f 48/918/919 46/919/920 297/920/921 221/921/922
f 298/922/923 222/923/924 221/924/925 297/925/926
f 299/926/927 235/927/928 222/928/929 298/929/930
s 57
f 236/930/931 305/946/932 306/948/933 296/933/934
s 58
f 226/934/935 304/945/936 305/947/937 236/937/938
s off
f 46/938/939 301/939/940 302/940/941 297/941/942
f 303/942/943 301/943/944 46/944/945
s 58
f 305/947/937 304/945/936 300/935/946 299/936/947
s 57
f 306/948/933 305/946/932 299/931/948 298/932/949
s off
f 302/949/950 306/950/951 298/951/952 297/952/953
f 300/953/954 307/954/955 235/955/956 299/956/957
f 307/957/958 308/958/959 234/959/960 235/960/961
f 233/961/962 234/962/963 308/963/964 309/964/965
f 309/965/966 310/966/967 232/967/968 233/968/969
f 310/969/970 311/970/971 231/971/972 232/972/973
f 312/973/974 230/974/975 231/975/976 311/976/977
f 226/977/978 225/978/979 313/979/980 304/980/981
f 314/981/982 313/982/983 225/983/984 227/984/985
f 314/985/986 227/986/987 228/987/988 315/988/989
f 230/989/990 312/990/991 316/991/992 229/992/993
f 229/993/994 316/994/995 315/995/996 228/996/997
f 309/997/998 313/998/999 314/999/1000 310/1000/1001
f 308/1001/1002 304/1002/1003 313/1003/1004 309/1004/1005
f 304/1005/1006 308/1006/1007 307/1007/1008 300/1008/1009
f 315/1009/1010 311/1010/1011 310/1011/1012 314/1012/1013
f 316/1013/1014 312/1014/1015 311/1015/1016 315/1016/1017
f 296/1017/1018 306/1018/1019 302/1019/1020 295/1020/1021
s 56
f 284/914/1022 251/915/1023 318/1023/916 317/1021/915
s 32
f 251/742/1024 74/743/1025 319/1025/744 318/1022/743
s 21
f 320/1026/141 319/1024/140 74/139/1026 75/140/1027
s off
f 301/1027/1028 317/1028/1029 295/1029/1030 302/1030/1031
f 303/1031/1032 284/1032/1033 317/1033/1034 301/1034/1035
s 54
f 281/862/1036 322/1037/864 321/1035/863 285/865/1037
s 52
f 323/1039/845 322/1036/844 281/843/1038 277/844/1039
s 50
f 390/1338/1040 391/1339/831 323/1038/834 277/832/1041
s 59
f 247/1041/1042 248/1042/1043 373/1303/1044 374/1306/1045
s 60
f 372/1301/1046 373/1304/1047 248/1046/1048 279/1047/1049
s 61
f 466/1504/1050 467/1507/1051 20/1050/1052 294/1051/1053
s off
f 16/1053/1054 18/1054/1055 327/1055/1056 328/1056/1057
f 328/1057/1058 329/1058/1059 14/1059/1060 16/1060/1061
f 329/1061/1062 330/1062/1063 12/1063/1064 14/1064/1065
f 330/1065/1066 331/1066/1067 10/1067/1068 12/1068/1069
s 62
f 444/1433/1070 445/1434/1071 332/1070/1072 8/1071/1073
s off
f 332/1073/1074 333/1074/1075 6/1075/1076 8/1076/1077
f 207/1077/1078 1/1078/1079 4/1079/1080 334/1080/1081
f 333/1081/1082 334/1082/1083 4/1083/1084 6/1084/1085
f 147/1085/1086 335/1086/1087 203/1087/1088 114/1088/1089
f 113/1089/1090 336/1090/1091 335/1091/1092 147/1092/1093
f 336/1093/1094 113/1094/1095 111/1095/1096 207/1096/1097
f 334/1097/1098 337/1098/1099 336/1099/1100 207/1100/1101
f 337/1101/1102 338/1102/1103 335/1103/1104 336/1104/1105
f 338/1105/1106 206/1106/1107 203/1107/1108 335/1108/1109
s 63
f 471/1511/1110 472/1513/1111 446/1436/1112 339/1110/1113
s 64
f 470/1510/1114 471/1512/1115 339/1115/1116 341/1116/1117
s 65
f 473/1515/1118 474/1516/1119 342/1118/1120 340/1119/1121
s 66
f 342/1121/1122 474/1517/1123 475/1518/1124 343/1124/1125
s 67
f 475/1519/1126 476/1520/1127 344/1126/1128 343/1127/1129
s 68
f 476/1521/1130 477/1522/1131 345/1130/1132 344/1131/1133
s 69
f 346/1133/1134 465/1502/1135 478/1524/1136 479/1525/1137
s 70
f 479/1526/1138 458/1489/1139 347/1138/1140 346/1139/1141
s 71
f 347/1141/1142 458/1490/1143 459/1491/1144 348/1144/1145
s 72
f 459/1492/1146 460/1493/1147 349/1146/1148 348/1147/1149
s 73
f 460/1494/1150 461/1495/1151 350/1150/1152 349/1151/1153
s 74
f 461/1496/1154 462/1497/1155 351/1155/1156 350/1156/1157
s 75
f 352/1157/1158 351/1158/1159 462/1498/1160 463/1499/1161
s 76
f 346/1161/1162 353/1173/1163 464/1501/1164 465/1503/1165
s off
f 352/1165/1166 347/1166/1167 348/1167/1168 351/1168/1169
f 350/1169/1170 351/1170/1171 348/1171/1172 349/1172/1173
s 76
f 463/1500/1174 464/1501/1164 353/1173/1163 352/1162/1175
s off
f 353/1175/1176 346/1176/1177 347/1177/1178 352/1178/1179
f 321/1179/1180 284/1180/1181 303/1181/1182 355/1182/1183
f 285/1183/1184 321/1184/1185 355/1185/1186 356/1186/1187
s 77
f 357/1187/1188 286/1188/1189 452/1451/1190 453/1452/1191
s 78
f 324/1191/1192 371/1299/1193 372/1302/1194 279/1194/1195
s 79
f 276/1198/1196 358/1196/1197 371/1300/1198 324/1197/1199
s 80
f 430/1409/1200 431/1411/1201 423/1399/1202 271/1202/1203
s 81
f 270/1203/1204 432/1413/1205 433/1414/1206 269/1206/1207
s 82
f 429/1407/1208 430/1410/1209 271/1209/1210 325/1210/1211
s 83
f 326/1211/1212 428/1406/1213 429/1408/1214 325/1214/1215
s 84
f 433/1415/1216 434/1416/1217 268/1216/1218 269/1217/1219
s 85
f 434/1417/1220 435/1418/1221 267/1220/1222 268/1221/1223
s 86
f 435/1419/1224 436/1420/1225 266/1224/1226 267/1225/1227
s 87
f 436/1421/1228 437/1423/1229 265/1228/1230 266/1229/1231
s off
f 360/1231/1232 341/1232/1233 339/1233/1234 359/1234/1235
s 88
f 446/1437/1236 447/1438/1237 359/1236/1238 339/1237/1239
s off
f 362/1239/1240 361/1240/1241 340/1241/1242 342/1242/1243
f 343/1243/1244 363/1244/1245 362/1245/1246 342/1246/1247
f 343/1247/1248 344/1248/1249 364/1249/1250 363/1250/1251
f 344/1251/1252 345/1252/1253 365/1253/1254 364/1254/1255
f 205/1255/1256 206/1256/1257 341/1257/1258 360/1258/1259
f 366/1259/1260 365/1260/1261 345/1261/1262 354/1262/1263
f 367/1263/1264 366/1264/1265 354/1265/1266 289/1266/1267
f 289/1267/1268 287/1268/1269 368/1269/1270 367/1270/1271
f 362/1271/1272 366/1272/1273 367/1273/1274 361/1274/1275
f 363/1275/1276 365/1276/1277 366/1277/1278 362/1278/1279
f 357/1279/1280 368/1280/1281 287/1281/1282 286/1282/1283
f 47/1283/1284 369/1284/1285 303/1285/1286 46/1286/1287
f 303/1287/1288 369/1288/1289 370/1289/1290 355/1290/1291
f 126/1291/1292 355/1292/1293 370/1293/1294 45/1294/1295
f 126/1295/1296 135/1296/1297 356/1297/1298 355/1298/1299
s 78
f 372/1302/1194 371/1299/1193 358/1192/1300 326/1193/1301
s 60
f 325/1045/1302 373/1304/1047 372/1301/1046 326/1048/1303
s 59
f 374/1306/1045 373/1303/1044 325/1043/1304 271/1044/1305
s 46
f 271/814/1306 423/1398/1307 424/1400/816 374/1305/815
s 45
f 270/810/1308 269/811/1309 376/1310/812 375/1307/811
s 44
f 377/1312/809 376/1309/808 269/807/1310 268/808/1311
s 43
f 267/802/1312 378/1314/804 377/1311/803 268/805/1313
s 42
f 266/798/1314 379/1316/800 378/1313/799 267/801/1315
s 41
f 380/1318/797 379/1315/796 266/795/1316 265/796/1317
s 40
f 437/1422/1318 438/1424/793 380/1317/792 265/791/1319
s 39
f 263/786/1320 382/1322/788 381/1319/787 264/789/1321
s 38
f 383/1324/785 382/1321/784 263/783/1322 262/784/1323
s 37
f 384/1326/781 383/1323/780 262/779/1324 261/780/1325
s 36
f 385/1328/777 384/1325/776 261/775/1326 260/776/1327
s 35
f 386/1330/773 385/1327/772 260/771/1328 258/772/1329
s 34
f 259/766/1330 387/1331/769 421/1395/768 422/1396/1331
s 47
f 388/1333/821 387/1332/820 259/819/1332 272/820/1333
s 48
f 275/822/1334 389/1335/824 388/1334/823 272/825/1335
s 49
f 448/1443/1336 449/1445/829 389/1336/828 275/827/1337
s 50
f 324/1040/1338 391/1339/831 390/1338/1040 276/833/1339
f 279/830/1340 392/1340/832 391/1339/831 324/1040/1338
s 51
f 279/834/1341 248/835/1342 393/1343/836 392/1341/835
s 31
f 394/1345/734 393/1342/733 248/732/1343 82/733/1344
s 22
f 395/1346/158 394/1344/157 82/156/1345 83/157/1346
s 20
f 397/1350/82 396/1347/81 44/81/1347 42/82/1348
s 19
f 38/75/1349 398/1352/76 397/1349/75 42/78/1350
s 18
f 40/74/1351 399/1353/71 398/1351/73 38/71/1352
f 400/1355/72 399/1353/71 40/74/1351 36/72/1353
s 17
f 153/345/1354 401/1356/67 400/1354/345 36/67/1355
f 402/1358/68 401/1356/67 153/345/1354 34/68/1356
s 16
f 403/1360/64 402/1357/63 34/63/1357 32/64/1358
s 15
f 404/1362/60 403/1359/59 32/59/1359 2/60/1360
s 1
f 405/1363/3 404/1361/2 2/2/1361 3/3/1362
s 2
f 406/1365/8 405/1364/7 3/7/1363 5/8/1364
s 3
f 407/1367/12 406/1366/11 5/11/1365 7/12/1366
s 4
f 7/13/1367 442/1430/1368 443/1431/14 407/1368/13
s 5
f 409/1371/20 408/1370/19 9/19/1369 11/20/1370
s 6
f 11/21/1371 13/22/1372 410/1373/22 409/1372/21
s 7
f 13/25/1373 15/26/1374 411/1375/26 410/1374/25
s 8
f 15/29/1375 17/30/1376 412/1377/30 411/1376/29
s 9
f 413/1379/36 468/1508/35 469/1509/1377 19/36/1378
s 10
f 19/37/1379 21/38/1380 414/1381/38 413/1380/37
s 11
f 21/41/1381 23/42/1382 415/1383/42 414/1382/41
s 12
f 23/45/1383 25/46/1384 416/1385/46 415/1384/45
s 13
f 25/49/1385 27/50/1386 417/1387/50 416/1386/49
s 14
f 27/53/1387 29/54/1388 418/1389/54 417/1388/53
s 25
f 108/210/1389 419/1391/212 418/1390/211 29/213/1390
s 33
f 420/1393/766 419/1392/765 108/764/1391 256/765/1392
s 34
f 386/1329/1393 421/1395/768 420/1394/767 256/768/1394
f 422/1396/1331 421/1395/768 386/1329/1393 258/769/1395
s 80
f 423/1399/1202 431/1411/1201 432/1412/1396 270/1201/1397
s 46
f 424/1400/816 423/1398/1307 270/815/1398 375/1308/1399
f 425/1402/817 424/1400/816 375/1308/1399 246/816/1400
s 30
f 426/1404/726 425/1401/725 246/724/1401 86/725/1402
s 23
f 427/1405/165 426/1403/164 86/163/1403 87/164/1404
s 83
f 429/1408/1214 428/1406/1213 275/1212/1405 272/1213/1406
s 82
f 272/1207/1407 259/1208/1408 430/1410/1209 429/1407/1208
s 80
f 259/1199/1409 422/1397/1410 431/1411/1201 430/1409/1200
f 432/1412/1396 431/1411/1201 422/1397/1410 258/1200/1411
s 81
f 433/1414/1206 432/1413/1205 258/1204/1412 260/1205/1413
s 84
f 261/1215/1414 434/1416/1217 433/1415/1216 260/1218/1415
s 85
f 262/1219/1416 435/1418/1221 434/1417/1220 261/1222/1417
s 86
f 263/1223/1418 436/1420/1225 435/1419/1224 262/1226/1419
s 87
f 264/1227/1420 437/1423/1229 436/1421/1228 263/1230/1421
s 40
f 381/1320/1422 438/1424/793 437/1422/1318 264/792/1423
f 439/1426/794 438/1424/793 381/1320/1422 239/793/1424
s 29
f 440/1428/702 439/1425/701 239/700/1425 98/701/1426
s 24
f 441/1429/189 440/1427/188 98/187/1427 99/188/1428
s 4
f 443/1431/14 442/1430/1368 9/14/1429 408/1369/1430
f 444/1432/15 443/1431/14 408/1369/1430 10/15/1431
s 62
f 331/1069/1432 445/1434/1071 444/1433/1070 10/1072/1433
s 63
f 340/1109/1434 446/1436/1112 472/1513/1111 473/1514/1435
s 88
f 361/1235/1436 447/1438/1237 446/1437/1236 340/1238/1437
s off
f 361/1439/1438 367/1440/1439 368/1441/1440 447/1442/1441
s 49
f 390/1337/1442 449/1445/829 448/1443/1336 276/828/1443
f 450/1446/830 449/1445/829 390/1337/1442 277/829/1444
s 53
f 281/846/1445 451/1448/848 450/1447/847 277/849/1446
s 55
f 285/866/1447 452/1450/868 451/1449/867 281/869/1448
s 77
f 453/1452/1191 452/1451/1190 285/1189/1449 356/1190/1450
s off
f 135/1453/1451 132/1454/1452 453/1455/1453 356/1456/1454
f 130/1457/1455 128/1458/1456 454/1459/1457 132/1460/1458
f 455/1461/1459 454/1462/1460 128/1463/1461 204/1464/1462
f 453/1465/1463 132/1466/1464 454/1467/1465 455/1468/1466
f 455/1469/1467 456/1470/1468 357/1471/1469 453/1472/1470
f 456/1473/1471 455/1474/1472 204/1475/1473 205/1476/1474
f 457/1477/1475 456/1478/1476 205/1479/1477 360/1480/1478
f 357/1481/1479 456/1482/1480 457/1483/1481 368/1484/1482
f 368/1485/1483 457/1486/1484 359/1487/1485 447/1488/1486
s 71
f 459/1491/1144 458/1490/1143 293/1142/1487 292/1143/1488
s 72
f 291/1145/1489 460/1493/1147 459/1492/1146 292/1148/1490
s 73
f 290/1149/1491 461/1495/1151 460/1494/1150 291/1152/1492
s 74
f 290/1153/1493 288/1154/1494 462/1497/1155 461/1496/1154
s 75
f 463/1499/1161 462/1498/1160 288/1159/1495 289/1160/1496
s 76
f 354/1174/1497 464/1501/1164 463/1500/1174 289/1163/1498
f 465/1503/1165 464/1501/1164 354/1174/1497 345/1164/1499
s 69
f 477/1523/1500 478/1524/1136 465/1502/1135 345/1134/1501
s 61
f 18/1049/1502 467/1507/1051 466/1504/1050 327/1052/1503
s 9
f 468/1508/35 467/1506/34 18/34/1504 412/1378/1505
f 469/1509/1377 468/1508/35 412/1378/1505 17/35/1506
s 64
f 333/1113/1507 332/1114/1508 471/1512/1115 470/1510/1114 480/1534/1509
s 63
f 445/1435/1510 472/1513/1111 471/1511/1110 332/1111/1511
f 473/1514/1435 472/1513/1111 445/1435/1510 331/1112/1512
s 65
f 330/1117/1513 474/1516/1119 473/1515/1118 331/1120/1514
s 66
f 475/1518/1124 474/1517/1123 330/1122/1515 329/1123/1516
s 67
f 328/1125/1517 476/1520/1127 475/1519/1126 329/1128/1518
s 68
f 327/1129/1519 477/1522/1131 476/1521/1130 328/1132/1520
s 69
f 466/1505/1521 478/1524/1136 477/1523/1500 327/1135/1522
f 479/1525/1137 478/1524/1136 466/1505/1521 294/1136/1523
s off
f 338/1530/1524 470/1531/1525 341/1532/1526 206/1533/1527
s 70
f 293/1137/1528 458/1489/1139 479/1526/1138 294/1140/1529
s off
f 326/1193/1530 358/1196/1531 275/1212/1532 428/1406/1533
s 79
f 275/1195/1534 358/1196/1197 276/1198/1196 448/1444/1535
s off
f 480/1535/1536 337/1527/1537 334/1528/1538 333/1529/1539
f 338/1102/1540 337/1527/1541 480/1534/1542 470/1531/1543
f 363/1250/1544 364/1254/1545 365/1276/1546
f 360/1231/1547 359/1487/1548 457/1477/1549
